Intern_ID,Target_Role,Industry_Category,Matched_Cluster,Current_Skill_Count,Matched_Skills,Top_Skill_Gaps,Recommended_Training
INT0001,Business Development,BUSINESS-DEVELOPMENT,3,7,"communication, negotiation, presentation skills, business development, data analysis","problem solving, adaptability, relationship building, teamwork, time management","Course: Problem Solving, Course: Adaptability, Course: Relationship Building"
INT0002,Business Development,BUSINESS-DEVELOPMENT,0,7,"market analysis, microsoft powerpoint, presentation skills, business development, team collaboration","communication, problem solving, adaptability, relationship building, teamwork","Course: Communication, Course: Problem Solving, Course: Adaptability"
INT0003,Business Development,BUSINESS-DEVELOPMENT,0,6,"communication, project management, relationship management, sales forecasting, relationship building","problem solving, adaptability, business development, teamwork, time management","Course: Problem Solving, Course: Adaptability, Course: Business Development"
INT0004,Business Development,BUSINESS-DEVELOPMENT,0,8,"focus, lead generation, influence, presentation skills, motivation","communication, adaptability, business development, relationship building, teamwork","Course: Communication, Course: Adaptability, Course: Business Development"
INT0005,Business Development,BUSINESS-DEVELOPMENT,0,6,"communication, crm software, market analysis, crm, problem solving","adaptability, business development, relationship building, time management, sales","Course: Adaptability, Course: Business Development, Course: Relationship Building"
INT0006,Business Development,BUSINESS-DEVELOPMENT,3,9,"project management, consultative selling, planning, presentation skills, microsoft outlook","communication, adaptability, business development, teamwork, time management","Course: Communication, Course: Adaptability, Course: Business Development"
INT0007,Business Development,BUSINESS-DEVELOPMENT,0,5,"communication, customer relationship management, crm tools, problem solving, b2b sales","adaptability, business development, relationship building, teamwork, time management","Course: Adaptability, Course: Business Development, Course: Relationship Building"
INT0008,Business Development,BUSINESS-DEVELOPMENT,0,10,"microsoft word, lead generation, adaptability, self-starter, analytical thinking","communication, problem solving, business development, teamwork, time management","Course: Communication, Course: Problem Solving, Course: Business Development"
INT0009,Business Development,BUSINESS-DEVELOPMENT,0,5,"communication, customer service, adaptability, event planning, market research","problem solving, business development, relationship building, teamwork, time management","Course: Problem Solving, Course: Business Development, Course: Relationship Building"
INT0010,Business Development,BUSINESS-DEVELOPMENT,3,8,"communication, analytical thinking, presentation skills, time management, data analysis","problem solving, adaptability, business development, relationship building, teamwork","Course: Problem Solving, Course: Adaptability, Course: Business Development"
INT0011,Business Development,BUSINESS-DEVELOPMENT,3,7,"communication, data management, adaptability, customer service orientation, time management","problem solving, business development, relationship building, sales, negotiation","Course: Problem Solving, Course: Business Development, Course: Relationship Building"
INT0012,Business Development,BUSINESS-DEVELOPMENT,1,5,"project management, interpersonal skills, financial analysis, crm, relationship building","communication, problem solving, adaptability, business development, teamwork","Course: Communication, Course: Problem Solving, Course: Adaptability"
INT0013,Business Development,BUSINESS-DEVELOPMENT,0,9,"communication, pipeline management, adaptability, microsoft office suite, problem solving","business development, relationship building, teamwork, time management, sales","Course: Business Development, Course: Relationship Building, Course: Teamwork"
INT0014,Business Development,BUSINESS-DEVELOPMENT,0,5,"lead generation, influencing skills, consultative selling, negotiation, professionalism","communication, problem solving, adaptability, business development, relationship building","Course: Communication, Course: Problem Solving, Course: Adaptability"
INT0015,Business Development,BUSINESS-DEVELOPMENT,0,6,"customer service, crm software, lead generation, consultative selling, financial analysis","communication, problem solving, adaptability, business development, relationship building","Course: Communication, Course: Problem Solving, Course: Adaptability"
INT0016,Business Development,BUSINESS-DEVELOPMENT,3,6,"communication, networking, team management, time management, problem solving","adaptability, business development, relationship building, teamwork, sales","Course: Adaptability, Course: Business Development, Course: Relationship Building"
INT0017,Business Development,BUSINESS-DEVELOPMENT,0,6,"communication, market analysis, mentoring, microsoft office suite, market research","problem solving, adaptability, business development, relationship building, teamwork","Course: Problem Solving, Course: Adaptability, Course: Business Development"
INT0018,Business Development,BUSINESS-DEVELOPMENT,0,9,"communication, sales management, customer relationship management, negotiation, time management","problem solving, adaptability, business development, relationship building, teamwork","Course: Problem Solving, Course: Adaptability, Course: Business Development"
INT0019,Business Development,BUSINESS-DEVELOPMENT,0,6,"communication, marketing, microsoft excel, motivation, leadership","problem solving, adaptability, business development, relationship building, teamwork","Course: Problem Solving, Course: Adaptability, Course: Business Development"
INT0020,Business Development,BUSINESS-DEVELOPMENT,0,9,"communication, customer service, collaboration, presentation skills, motivation","problem solving, adaptability, business development, relationship building, time management","Course: Problem Solving, Course: Adaptability, Course: Business Development"
INT0021,Business Development,BUSINESS-DEVELOPMENT,0,5,"crm software, adaptability, cold calling, sales pipeline management, relationship building","communication, problem solving, business development, teamwork, time management","Course: Communication, Course: Problem Solving, Course: Business Development"
INT0022,Business Development,BUSINESS-DEVELOPMENT,0,6,"customer service, time management, problem solving, research, sales","communication, adaptability, business development, relationship building, negotiation","Course: Communication, Course: Adaptability, Course: Business Development"
INT0023,Business Development,BUSINESS-DEVELOPMENT,0,7,"communication, market analysis, contract negotiation, adaptability, interpersonal skills","problem solving, business development, relationship building, teamwork, time management","Course: Problem Solving, Course: Business Development, Course: Relationship Building"
INT0024,Business Development,BUSINESS-DEVELOPMENT,0,5,"communication, networking, coaching, self-motivation, creativity","problem solving, adaptability, business development, relationship building, teamwork","Course: Problem Solving, Course: Adaptability, Course: Business Development"
INT0025,Business Development,BUSINESS-DEVELOPMENT,0,5,"communication, sales proposals, customer relationship management, proposal development, listening","problem solving, adaptability, business development, relationship building, teamwork","Course: Problem Solving, Course: Adaptability, Course: Business Development"
INT0026,Business Development,BUSINESS-DEVELOPMENT,3,8,"networking, flexibility, interpersonal skills, negotiation, time management","communication, problem solving, adaptability, business development, relationship building","Course: Communication, Course: Problem Solving, Course: Adaptability"
INT0027,Business Development,BUSINESS-DEVELOPMENT,0,7,"communication, lead generation, adaptability, customer relationship management, negotiation","problem solving, business development, relationship building, teamwork, time management","Course: Problem Solving, Course: Business Development, Course: Relationship Building"
INT0028,Business Development,BUSINESS-DEVELOPMENT,0,7,"project management, strategic planning, marketing, strategic thinking, business development","communication, problem solving, adaptability, teamwork, time management","Course: Communication, Course: Problem Solving, Course: Adaptability"
INT0029,Business Development,BUSINESS-DEVELOPMENT,0,9,"communication, crm software, salesforce, crm systems, persuasion","problem solving, adaptability, business development, time management, sales","Course: Problem Solving, Course: Adaptability, Course: Business Development"
INT0030,Business Development,BUSINESS-DEVELOPMENT,0,7,"communication, enthusiasm, negotiation, work ethic, email marketing","problem solving, adaptability, business development, relationship building, teamwork","Course: Problem Solving, Course: Adaptability, Course: Business Development"
INT0031,Business Development,BUSINESS-DEVELOPMENT,0,9,"communication, salesforce, crm (salesforce), presentation skills, business development","adaptability, teamwork, time management, sales, negotiation","Course: Adaptability, Course: Teamwork, Course: Time Management"
INT0032,Business Development,BUSINESS-DEVELOPMENT,0,5,"crm software, mentoring, team management, interpersonal skills, sales strategy","communication, problem solving, adaptability, business development, relationship building","Course: Communication, Course: Problem Solving, Course: Adaptability"
INT0033,Business Development,BUSINESS-DEVELOPMENT,3,5,"independence, data management, presentation skills, self-discipline, account management","communication, problem solving, adaptability, business development, relationship building","Course: Communication, Course: Problem Solving, Course: Adaptability"
INT0034,Business Development,BUSINESS-DEVELOPMENT,1,6,"goal-oriented, prospecting, business development, data analytics, organizational skills","communication, problem solving, adaptability, relationship building, teamwork","Course: Communication, Course: Problem Solving, Course: Adaptability"
INT0035,Business Development,BUSINESS-DEVELOPMENT,1,6,"communication, market analysis, financial analysis, professionalism, budget management","problem solving, adaptability, business development, relationship building, teamwork","Course: Problem Solving, Course: Adaptability, Course: Business Development"
INT0036,Business Development,BUSINESS-DEVELOPMENT,1,7,"communication, market analysis, attention to detail, financial analysis, problem solving","adaptability, business development, relationship building, time management, sales","Course: Adaptability, Course: Business Development, Course: Relationship Building"
INT0037,Business Development,BUSINESS-DEVELOPMENT,0,10,"networking, customer focus, adaptability, team leadership, proposal development","communication, problem solving, relationship building, time management, sales","Course: Communication, Course: Problem Solving, Course: Relationship Building"
INT0038,Business Development,BUSINESS-DEVELOPMENT,3,7,"project management, influence, adaptability, consultative selling, interpersonal skills","communication, business development, relationship building, teamwork, time management","Course: Communication, Course: Business Development, Course: Relationship Building"
INT0039,Business Development,BUSINESS-DEVELOPMENT,0,9,"communication, networking, lead generation, attention to detail, problem solving","adaptability, business development, relationship building, teamwork, time management","Course: Adaptability, Course: Business Development, Course: Relationship Building"
INT0040,Business Development,BUSINESS-DEVELOPMENT,0,5,"interpersonal skills, negotiation, problem solving, leadership, teamwork","communication, adaptability, business development, relationship building, time management","Course: Communication, Course: Adaptability, Course: Business Development"
INT0041,Business Development,BUSINESS-DEVELOPMENT,0,8,"networking, interpersonal skills, presentation skills, market intelligence, business development","communication, problem solving, adaptability, relationship building, time management","Course: Communication, Course: Problem Solving, Course: Adaptability"
INT0042,Business Development,BUSINESS-DEVELOPMENT,0,9,"healthcare knowledge, networking, contract negotiation, adaptability, attention to detail","communication, problem solving, business development, relationship building, time management","Course: Communication, Course: Problem Solving, Course: Business Development"
INT0043,Business Development,BUSINESS-DEVELOPMENT,0,5,"market analysis, networking, team collaboration, account management, initiative","communication, problem solving, adaptability, business development, relationship building","Course: Communication, Course: Problem Solving, Course: Adaptability"
INT0044,Business Development,BUSINESS-DEVELOPMENT,0,6,"project management, customer relationship management, analytical thinking, time management, research","communication, problem solving, adaptability, business development, relationship building","Course: Communication, Course: Problem Solving, Course: Adaptability"
INT0045,Business Development,BUSINESS-DEVELOPMENT,0,8,"communication, customer service, stakeholder management, marketing, business development","problem solving, adaptability, relationship building, teamwork, time management","Course: Problem Solving, Course: Adaptability, Course: Relationship Building"
INT0046,Business Development,BUSINESS-DEVELOPMENT,0,5,"lead generation, negotiation, presentation skills, time management, sales experience","communication, problem solving, adaptability, business development, relationship building","Course: Communication, Course: Problem Solving, Course: Adaptability"
INT0047,Business Development,BUSINESS-DEVELOPMENT,3,7,"project management, adaptability, strategic planning, crm systems, presentation skills","communication, problem solving, business development, relationship building, teamwork","Course: Communication, Course: Problem Solving, Course: Business Development"
INT0048,Business Development,BUSINESS-DEVELOPMENT,3,8,"adaptability, microsoft office suite, time management, account management, microsoft office","communication, problem solving, business development, relationship building, negotiation","Course: Communication, Course: Problem Solving, Course: Business Development"
INT0049,Business Development,BUSINESS-DEVELOPMENT,0,6,"communication, crm software, relationship management, problem solving, proactivity","adaptability, business development, teamwork, time management, sales","Course: Adaptability, Course: Business Development, Course: Teamwork"
INT0050,Business Development,BUSINESS-DEVELOPMENT,0,6,"customer service, presentation skills, analytical skills, team collaboration, customer focus","communication, problem solving, adaptability, business development, relationship building","Course: Communication, Course: Problem Solving, Course: Adaptability"
INT0051,Business Development,BUSINESS-DEVELOPMENT,0,7,"customer service, independence, presentation skills, business development, online research","communication, problem solving, adaptability, relationship building, teamwork","Course: Communication, Course: Problem Solving, Course: Adaptability"
INT0052,Business Development,BUSINESS-DEVELOPMENT,0,8,"market analysis, networking, relationship management, time management, business development","communication, adaptability, teamwork, sales, negotiation","Course: Communication, Course: Adaptability, Course: Teamwork"
INT0053,Business Development,BUSINESS-DEVELOPMENT,0,7,"communication, microsoft word, customer relationship management, negotiation, time management","adaptability, relationship building, teamwork, sales, data analysis","Course: Adaptability, Course: Relationship Building, Course: Teamwork"
INT0054,Business Development,BUSINESS-DEVELOPMENT,0,7,"customer service, goal-oriented, relationship management, strategic planning, time management","communication, problem solving, adaptability, business development, relationship building","Course: Communication, Course: Problem Solving, Course: Adaptability"
INT0055,Business Development,BUSINESS-DEVELOPMENT,3,7,"communication, market analysis, proposal development, business development, data analysis","problem solving, adaptability, relationship building, teamwork, time management","Course: Problem Solving, Course: Adaptability, Course: Relationship Building"
INT0056,Business Development,BUSINESS-DEVELOPMENT,0,6,"market analysis, networking, customer relationship management, negotiation, analytical skills","communication, problem solving, adaptability, business development, relationship building","Course: Communication, Course: Problem Solving, Course: Adaptability"
INT0057,Business Development,BUSINESS-DEVELOPMENT,0,9,"influence, customer relationship management, autonomy, interpersonal skills, zoominfo","communication, problem solving, adaptability, business development, teamwork","Course: Communication, Course: Problem Solving, Course: Adaptability"
INT0058,Business Development,BUSINESS-DEVELOPMENT,0,10,"customer relationship management, interpersonal skills, strategic planning, microsoft outlook, analytical skills","communication, problem solving, adaptability, business development, relationship building","Course: Communication, Course: Problem Solving, Course: Adaptability"
INT0059,Business Development,BUSINESS-DEVELOPMENT,0,9,"communication, adaptability, sales strategy development, crm, problem solving","business development, relationship building, teamwork, time management, sales","Course: Business Development, Course: Relationship Building, Course: Teamwork"
INT0060,Business Development,BUSINESS-DEVELOPMENT,0,6,"contract negotiation, lead generation, b2b sales, collaboration, teamwork","communication, problem solving, adaptability, business development, relationship building","Course: Communication, Course: Problem Solving, Course: Adaptability"
INT0061,Business Development,BUSINESS-DEVELOPMENT,3,8,"hubspot, 6sense, time management, data analysis, organizational skills","communication, problem solving, adaptability, business development, relationship building","Course: Communication, Course: Problem Solving, Course: Adaptability"
INT0062,Business Development,BUSINESS-DEVELOPMENT,0,10,"crm software, goal-oriented, relationship management, business development, problem solving","communication, adaptability, relationship building, time management, sales","Course: Communication, Course: Adaptability, Course: Relationship Building"
INT0063,Business Development,BUSINESS-DEVELOPMENT,3,6,"communication, salesforce, adaptability, microsoft excel, leadership","problem solving, business development, relationship building, teamwork, time management","Course: Problem Solving, Course: Business Development, Course: Relationship Building"
INT0064,Business Development,BUSINESS-DEVELOPMENT,0,5,"communication, market analysis, salesforce, interpersonal skills, customer focus","problem solving, adaptability, business development, relationship building, teamwork","Course: Problem Solving, Course: Adaptability, Course: Business Development"
INT0065,Business Development,BUSINESS-DEVELOPMENT,0,8,"market analysis, independence, sales development, interpersonal skills, resilience","communication, problem solving, adaptability, business development, relationship building","Course: Communication, Course: Problem Solving, Course: Adaptability"
INT0066,Business Development,BUSINESS-DEVELOPMENT,0,6,"pipeline management, client relationship management, excel, results-oriented, teamwork","communication, problem solving, adaptability, business development, relationship building","Course: Communication, Course: Problem Solving, Course: Adaptability"
INT0067,Business Development,BUSINESS-DEVELOPMENT,0,7,"market analysis, lead generation, presentation skills, business development, self-discipline","communication, problem solving, adaptability, relationship building, time management","Course: Communication, Course: Problem Solving, Course: Adaptability"
INT0068,Business Development,BUSINESS-DEVELOPMENT,0,8,"communication, adaptability, relationship management, business development, motivation","problem solving, relationship building, time management, sales, negotiation","Course: Problem Solving, Course: Relationship Building, Course: Time Management"
INT0069,Business Development,BUSINESS-DEVELOPMENT,0,8,"communication, salesforce, influence, adaptability, market knowledge","problem solving, business development, teamwork, time management, sales","Course: Problem Solving, Course: Business Development, Course: Teamwork"
INT0070,Business Development,BUSINESS-DEVELOPMENT,0,9,"problem-solving, pipeline management, customer relationship management, work ethic, problem solving","communication, adaptability, business development, relationship building, teamwork","Course: Communication, Course: Adaptability, Course: Business Development"
INT0071,Business Development,BUSINESS-DEVELOPMENT,0,9,"communication, salesforce, self-motivated, microsoft office suite, presentation skills","adaptability, business development, time management, sales, negotiation","Course: Adaptability, Course: Business Development, Course: Time Management"
INT0072,Business Development,BUSINESS-DEVELOPMENT,3,5,"market analysis, salesforce, time management, strategic thinking, assertiveness","communication, problem solving, adaptability, business development, relationship building","Course: Communication, Course: Problem Solving, Course: Adaptability"
INT0073,Business Development,BUSINESS-DEVELOPMENT,0,6,"communication, customer service, hubspot, work ethic, presentation skills","problem solving, adaptability, business development, relationship building, teamwork","Course: Problem Solving, Course: Adaptability, Course: Business Development"
INT0074,Business Development,BUSINESS-DEVELOPMENT,0,8,"salesforce, adaptability, customer relationship management, negotiation, analytical skills","communication, problem solving, business development, relationship building, time management","Course: Communication, Course: Problem Solving, Course: Business Development"
INT0075,Business Development,BUSINESS-DEVELOPMENT,0,5,"market analysis, contract negotiation, project management, crm systems, business development","communication, problem solving, adaptability, relationship building, teamwork","Course: Communication, Course: Problem Solving, Course: Adaptability"
INT0076,Business Development,BUSINESS-DEVELOPMENT,0,5,"networking, customer experience, proposal development, client relationship management, teamwork","communication, problem solving, adaptability, business development, relationship building","Course: Communication, Course: Problem Solving, Course: Adaptability"
INT0077,Business Development,BUSINESS-DEVELOPMENT,0,9,"communication, sales tactics, time management, teamwork, problem solving","adaptability, business development, relationship building, sales, negotiation","Course: Adaptability, Course: Business Development, Course: Relationship Building"
INT0078,Business Development,BUSINESS-DEVELOPMENT,3,8,"crm (salesforce), interpersonal skills, presentation skills, time management, analytical skills","communication, problem solving, adaptability, business development, relationship building","Course: Communication, Course: Problem Solving, Course: Adaptability"
INT0079,Business Development,BUSINESS-DEVELOPMENT,0,5,"attention to detail, territory management, presentation skills, problem solving, self-motivation","communication, adaptability, business development, relationship building, teamwork","Course: Communication, Course: Adaptability, Course: Business Development"
INT0080,Business Development,BUSINESS-DEVELOPMENT,0,8,"listening skills, negotiation, presentation skills, analytical skills, self-discipline","communication, problem solving, adaptability, business development, relationship building","Course: Communication, Course: Problem Solving, Course: Adaptability"
INT0081,Business Development,BUSINESS-DEVELOPMENT,0,8,"communication, salesforce.com, adaptability, strategic planning, presentation skills","problem solving, business development, teamwork, sales, negotiation","Course: Problem Solving, Course: Business Development, Course: Teamwork"
INT0082,Business Development,BUSINESS-DEVELOPMENT,0,10,"cross-functional collaboration, adaptability, goal-oriented, strategic planning, presentation skills","communication, business development, relationship building, time management, sales","Course: Communication, Course: Business Development, Course: Relationship Building"
INT0083,Business Development,BUSINESS-DEVELOPMENT,0,7,"salesloft, adaptability, interpersonal skills, teamwork, initiative","communication, problem solving, business development, relationship building, time management","Course: Communication, Course: Problem Solving, Course: Business Development"
INT0084,Business Development,BUSINESS-DEVELOPMENT,0,7,"lead generation, resilience, time management, presentation skills, analytical skills","communication, problem solving, adaptability, business development, relationship building","Course: Communication, Course: Problem Solving, Course: Adaptability"
INT0085,Business Development,BUSINESS-DEVELOPMENT,3,5,"flexibility, time management, crm tools, problem solving, budget management","communication, adaptability, business development, relationship building, teamwork","Course: Communication, Course: Adaptability, Course: Business Development"
INT0086,Business Development,BUSINESS-DEVELOPMENT,0,5,"communication, negotiation, team leadership, organizational skills, saas","problem solving, adaptability, business development, relationship building, teamwork","Course: Problem Solving, Course: Adaptability, Course: Business Development"
INT0087,Business Development,BUSINESS-DEVELOPMENT,0,8,"communication, market research, business development, financial analysis, teamwork","problem solving, adaptability, time management, negotiation, data analysis","Course: Problem Solving, Course: Adaptability, Course: Time Management"
INT0088,Business Development,BUSINESS-DEVELOPMENT,0,5,"flexibility, mentoring, problem solving, leadership, cold calling","communication, adaptability, business development, relationship building, teamwork","Course: Communication, Course: Adaptability, Course: Business Development"
INT0089,Business Development,BUSINESS-DEVELOPMENT,0,5,"communication, crm management, market analysis, microsoft outlook, teamwork","problem solving, adaptability, business development, relationship building, time management","Course: Problem Solving, Course: Adaptability, Course: Business Development"
INT0090,Business Development,BUSINESS-DEVELOPMENT,0,10,"communication, lead generation, financial analysis, analytical skills, problem solving","adaptability, business development, time management, sales, negotiation","Course: Adaptability, Course: Business Development, Course: Time Management"
INT0091,Business Development,BUSINESS-DEVELOPMENT,1,6,"communication, financial analysis, crm tools, data analysis, market research","problem solving, adaptability, business development, teamwork, time management","Course: Problem Solving, Course: Adaptability, Course: Business Development"
INT0092,Business Development,BUSINESS-DEVELOPMENT,0,7,"communication, networking, team management, time management, presentation skills","problem solving, adaptability, business development, relationship building, sales","Course: Problem Solving, Course: Adaptability, Course: Business Development"
INT0093,Business Development,BUSINESS-DEVELOPMENT,0,7,"customer service, adaptability, team leadership, team collaboration, crm","communication, business development, relationship building, teamwork, time management","Course: Communication, Course: Business Development, Course: Relationship Building"
INT0094,Business Development,BUSINESS-DEVELOPMENT,0,7,"problem-solving, strategic planning, analytical skills, business development, motivation","communication, adaptability, relationship building, teamwork, time management","Course: Communication, Course: Adaptability, Course: Relationship Building"
INT0095,Business Development,BUSINESS-DEVELOPMENT,0,10,"networking, independence, project management, adaptability, crm","communication, problem solving, business development, relationship building, time management","Course: Communication, Course: Problem Solving, Course: Business Development"
INT0096,Business Development,BUSINESS-DEVELOPMENT,3,5,"interpersonal skills, microsoft excel, listening, client account management, collaboration","communication, problem solving, adaptability, business development, relationship building","Course: Communication, Course: Problem Solving, Course: Adaptability"
INT0097,Business Development,BUSINESS-DEVELOPMENT,0,7,"customer service, adaptability, persuasion, team collaboration, problem solving","communication, business development, relationship building, teamwork, time management","Course: Communication, Course: Business Development, Course: Relationship Building"
INT0098,Business Development,BUSINESS-DEVELOPMENT,0,7,"time management, financial analysis, trust building, b2b sales, positive attitude","communication, problem solving, adaptability, business development, relationship building","Course: Communication, Course: Problem Solving, Course: Adaptability"
INT0099,Business Development,BUSINESS-DEVELOPMENT,0,6,"cross-functional collaboration, mentoring, problem solving, leadership, b2b sales","communication, adaptability, business development, relationship building, teamwork","Course: Communication, Course: Adaptability, Course: Business Development"
INT0100,Business Development,BUSINESS-DEVELOPMENT,0,6,"networking, customer focus, lead generation, time management, tenacity","communication, problem solving, adaptability, business development, relationship building","Course: Communication, Course: Problem Solving, Course: Adaptability"
INT0101,Business Development,BUSINESS-DEVELOPMENT,3,6,"project management, time management, microsoft excel, positive attitude, organizational skills","communication, problem solving, adaptability, business development, relationship building","Course: Communication, Course: Problem Solving, Course: Adaptability"
INT0102,Business Development,BUSINESS-DEVELOPMENT,0,5,"communication, microsoft powerpoint, sales development, microsoft office suite, business development","problem solving, adaptability, relationship building, teamwork, time management","Course: Problem Solving, Course: Adaptability, Course: Relationship Building"
INT0103,Business Development,BUSINESS-DEVELOPMENT,0,8,"customer service, networking, crm (salesforce), self-starter, territory management","communication, problem solving, adaptability, business development, teamwork","Course: Communication, Course: Problem Solving, Course: Adaptability"
INT0104,Business Development,BUSINESS-DEVELOPMENT,3,8,"communication, salesforce, ms office, business development, supply chain management","adaptability, relationship building, teamwork, time management, sales","Course: Adaptability, Course: Relationship Building, Course: Teamwork"
INT0105,Business Development,BUSINESS-DEVELOPMENT,0,6,"communication, crm software, entrepreneurial spirit, client presentations, teamwork","problem solving, adaptability, business development, relationship building, time management","Course: Problem Solving, Course: Adaptability, Course: Business Development"
INT0106,Business Development,BUSINESS-DEVELOPMENT,0,5,"communication, customer relationship management, negotiation, data analysis, sales","problem solving, adaptability, business development, relationship building, teamwork","Course: Problem Solving, Course: Adaptability, Course: Business Development"
INT0107,Business Development,BUSINESS-DEVELOPMENT,0,8,"proposal writing, crm software, negotiation, financial analysis, business development","communication, problem solving, adaptability, teamwork, time management","Course: Communication, Course: Problem Solving, Course: Adaptability"
INT0108,Business Development,BUSINESS-DEVELOPMENT,0,5,"microsoft office suite, attention to detail, business development, organizational skills, sales","communication, problem solving, adaptability, relationship building, teamwork","Course: Communication, Course: Problem Solving, Course: Adaptability"
INT0109,Business Development,BUSINESS-DEVELOPMENT,0,5,"communication, customer service, negotiation, problem solving, organization","adaptability, business development, relationship building, teamwork, time management","Course: Adaptability, Course: Business Development, Course: Relationship Building"
INT0110,Business Development,BUSINESS-DEVELOPMENT,0,8,"communication, decision making, crm (salesforce), adaptability, time management","problem solving, business development, relationship building, teamwork, negotiation","Course: Problem Solving, Course: Business Development, Course: Relationship Building"
INT0111,Business Development,BUSINESS-DEVELOPMENT,0,7,"communication, team management, negotiation, strategic thinking, organizational skills","problem solving, adaptability, business development, teamwork, time management","Course: Problem Solving, Course: Adaptability, Course: Business Development"
INT0112,Business Development,BUSINESS-DEVELOPMENT,0,9,"communication, lead generation, project management, time management, presentation skills","problem solving, adaptability, business development, relationship building, teamwork","Course: Problem Solving, Course: Adaptability, Course: Business Development"
INT0113,Business Development,BUSINESS-DEVELOPMENT,0,6,"consultative selling, territory management, crm systems, forecasting, problem solving","communication, adaptability, business development, relationship building, teamwork","Course: Communication, Course: Adaptability, Course: Business Development"
INT0114,Business Development,BUSINESS-DEVELOPMENT,0,6,"communication, attention to detail, strategic planning, problem solving, competitive analysis","adaptability, business development, teamwork, time management, sales","Course: Adaptability, Course: Business Development, Course: Teamwork"
INT0115,Business Development,BUSINESS-DEVELOPMENT,1,9,"communication, customer service, networking, negotiation, presentation skills","adaptability, business development, relationship building, teamwork, time management","Course: Adaptability, Course: Business Development, Course: Relationship Building"
INT0116,Business Development,BUSINESS-DEVELOPMENT,0,7,"communication, independence, adaptability, interpersonal skills, sales forecasting","problem solving, business development, teamwork, time management, sales","Course: Problem Solving, Course: Business Development, Course: Teamwork"
INT0117,Business Development,BUSINESS-DEVELOPMENT,3,6,"microsoft word, project management, team leadership, b2b sales, recruitment","communication, problem solving, adaptability, business development, relationship building","Course: Communication, Course: Problem Solving, Course: Adaptability"
INT0118,Business Development,BUSINESS-DEVELOPMENT,0,10,"customer relationship management, interpersonal skills, relationship management, business development, financial analysis","communication, adaptability, relationship building, time management, sales","Course: Communication, Course: Adaptability, Course: Relationship Building"
INT0119,Business Development,BUSINESS-DEVELOPMENT,0,10,"communication, pipeline management, lead generation, sales proposals, technical understanding","adaptability, business development, teamwork, sales, negotiation","Course: Adaptability, Course: Business Development, Course: Teamwork"
INT0120,Business Development,BUSINESS-DEVELOPMENT,3,5,"communication, customer service, project management, account management, collaboration","problem solving, adaptability, business development, relationship building, teamwork","Course: Problem Solving, Course: Adaptability, Course: Business Development"
INT0121,Finance,FINANCE,3,6,"communication, hyperion, team development, leadership, cash flow management","problem solving, teamwork, financial analysis, adaptability, collaboration","Course: Problem Solving, Course: Teamwork, Course: Financial Analysis"
INT0122,Finance,FINANCE,1,6,"accounting, power bi, analytical skills, financial analysis, organizational skills","communication, problem solving, teamwork, adaptability, leadership","Course: Communication, Course: Problem Solving, Course: Teamwork"
INT0123,Finance,FINANCE,1,6,"collaboration, adaptability, analytical thinking, leadership, data analysis","communication, problem solving, teamwork, financial analysis, financial reporting","Course: Communication, Course: Problem Solving, Course: Teamwork"
INT0124,Finance,FINANCE,1,6,"integrity, budgeting, process improvement, time management, financial analysis","communication, problem solving, teamwork, adaptability, leadership","Course: Communication, Course: Problem Solving, Course: Teamwork"
INT0125,Finance,FINANCE,1,5,"financial reporting, flexibility, rpa, problem solving, leadership","communication, teamwork, financial analysis, adaptability, collaboration","Course: Communication, Course: Teamwork, Course: Financial Analysis"
INT0126,Finance,FINANCE,1,8,"adaptability, interpersonal skills, attention to detail, risk management, forecasting","communication, problem solving, financial analysis, leadership, collaboration","Course: Communication, Course: Problem Solving, Course: Financial Analysis"
INT0127,Finance,FINANCE,3,9,"communication, risk assessment, project management, analytical thinking, problem solving","financial analysis, adaptability, leadership, financial reporting, data analysis","Course: Financial Analysis, Course: Adaptability, Course: Leadership"
INT0128,Finance,FINANCE,3,6,"conflict resolution, mentorship, analytical skills, problem solving, data analysis","communication, teamwork, financial analysis, adaptability, leadership","Course: Communication, Course: Teamwork, Course: Financial Analysis"
INT0129,Finance,FINANCE,3,7,"project management, cpa certification, attention to detail, presentation skills, data reconciliation","communication, problem solving, teamwork, financial analysis, adaptability","Course: Communication, Course: Problem Solving, Course: Teamwork"
INT0130,Finance,FINANCE,1,8,"accounting, decision making, communication, financial reporting, process improvement","problem solving, teamwork, financial analysis, adaptability, leadership","Course: Problem Solving, Course: Teamwork, Course: Financial Analysis"
INT0131,Finance,FINANCE,1,8,"financial reporting, ownership, attention to detail, business development, data analysis","communication, problem solving, teamwork, financial analysis, adaptability","Course: Communication, Course: Problem Solving, Course: Teamwork"
INT0132,Finance,FINANCE,1,6,"communication, financial reporting, data mining, accounting software, critical thinking","problem solving, teamwork, financial analysis, adaptability, leadership","Course: Problem Solving, Course: Teamwork, Course: Financial Analysis"
INT0133,Finance,FINANCE,3,6,"python, influencing skills, time management, forecasting, analytical skills","communication, problem solving, financial analysis, adaptability, leadership","Course: Communication, Course: Problem Solving, Course: Financial Analysis"
INT0134,Finance,FINANCE,1,6,"communication, attention to detail, strategic planning, compliance, cash flow management","problem solving, teamwork, financial analysis, adaptability, leadership","Course: Problem Solving, Course: Teamwork, Course: Financial Analysis"
INT0135,Finance,FINANCE,1,9,"communication, profitability analysis, analytical skills, problem solving, finance","teamwork, financial analysis, adaptability, leadership, financial reporting","Course: Teamwork, Course: Financial Analysis, Course: Adaptability"
INT0136,Finance,FINANCE,1,9,"market analysis, microsoft word, salesforce, project management, ownership","communication, problem solving, teamwork, financial analysis, adaptability","Course: Communication, Course: Problem Solving, Course: Teamwork"
INT0137,Finance,FINANCE,1,7,"ifrs, negotiation, financial analysis, problem solving, teamwork","communication, adaptability, leadership, collaboration, financial reporting","Course: Communication, Course: Adaptability, Course: Leadership"
INT0138,Finance,FINANCE,3,7,"communication, data management, risk management, data analytics, project finance","problem solving, financial analysis, adaptability, leadership, collaboration","Course: Problem Solving, Course: Financial Analysis, Course: Adaptability"
INT0139,Finance,FINANCE,1,8,"decision making, data management, presentation skills, problem solving, leadership","communication, teamwork, financial analysis, adaptability, collaboration","Course: Communication, Course: Teamwork, Course: Financial Analysis"
INT0140,Finance,FINANCE,1,9,"financial reporting, analytical thinking, team leadership, accounting principles, project finance","communication, problem solving, financial analysis, adaptability, leadership","Course: Communication, Course: Problem Solving, Course: Financial Analysis"
INT0141,Finance,FINANCE,3,7,"audit coordination, analytical skills, problem solving, leadership, data analysis","communication, teamwork, financial analysis, adaptability, collaboration","Course: Communication, Course: Teamwork, Course: Financial Analysis"
INT0142,Finance,FINANCE,1,8,"communication, influencing, negotiation, team leadership, financial modeling","problem solving, teamwork, financial analysis, adaptability, leadership","Course: Problem Solving, Course: Teamwork, Course: Financial Analysis"
INT0143,Finance,FINANCE,3,8,"communication, independence, problem-solving, influence, vendor management","problem solving, teamwork, financial analysis, adaptability, collaboration","Course: Problem Solving, Course: Teamwork, Course: Financial Analysis"
INT0144,Finance,FINANCE,3,6,"communication, attention to detail, time management, excel, organizational skills","problem solving, teamwork, financial analysis, adaptability, leadership","Course: Problem Solving, Course: Teamwork, Course: Financial Analysis"
INT0145,Finance,FINANCE,1,6,"financial planning and analysis, financial analysis, accounting principles, organizational skills, financial accounting","communication, problem solving, teamwork, adaptability, leadership","Course: Communication, Course: Problem Solving, Course: Teamwork"
INT0146,Finance,FINANCE,3,9,"communication, project management, adaptability, analytical skills, leadership","problem solving, teamwork, financial analysis, financial reporting, data analysis","Course: Problem Solving, Course: Teamwork, Course: Financial Analysis"
INT0147,Finance,FINANCE,1,7,"adaptability, quickbooks, forecasting, financial analysis, leadership","communication, problem solving, teamwork, financial reporting, data analysis","Course: Communication, Course: Problem Solving, Course: Teamwork"
INT0148,Finance,FINANCE,1,7,"communication, forecasting, accounting principles, data analysis, fp&a","problem solving, teamwork, financial analysis, adaptability, leadership","Course: Problem Solving, Course: Teamwork, Course: Financial Analysis"
INT0149,Finance,FINANCE,3,6,"communication, adaptability, interpersonal skills, regulatory compliance, finance","problem solving, financial analysis, leadership, collaboration, financial reporting","Course: Problem Solving, Course: Financial Analysis, Course: Leadership"
INT0150,Finance,FINANCE,3,5,"investor relations, project management, revenue cycle management, internal controls, teamwork","communication, problem solving, financial analysis, adaptability, leadership","Course: Communication, Course: Problem Solving, Course: Financial Analysis"
INT0151,Finance,FINANCE,1,6,"accounting, financial reporting, communication, excel, microsoft office","problem solving, teamwork, financial analysis, adaptability, leadership","Course: Problem Solving, Course: Teamwork, Course: Financial Analysis"
INT0152,Finance,FINANCE,1,7,"adaptability, microsoft office suite, forecasting, problem solving, coaching","communication, teamwork, financial analysis, leadership, collaboration","Course: Communication, Course: Teamwork, Course: Financial Analysis"
INT0153,Finance,FINANCE,3,9,"investment analysis, attention to detail, ms office, business intelligence tools, strategic planning","communication, problem solving, financial analysis, adaptability, leadership","Course: Communication, Course: Problem Solving, Course: Financial Analysis"
INT0154,Finance,FINANCE,3,5,"communication, budget preparation, analytical skills, change management, prioritization","problem solving, teamwork, financial analysis, adaptability, leadership","Course: Problem Solving, Course: Teamwork, Course: Financial Analysis"
INT0155,Finance,FINANCE,1,5,"accounting, financial reporting, attention to detail, time management, problem solving","communication, teamwork, financial analysis, adaptability, leadership","Course: Communication, Course: Teamwork, Course: Financial Analysis"
INT0156,Finance,FINANCE,1,8,"communication, flexibility, financial modeling, business planning, excel","problem solving, financial analysis, adaptability, leadership, collaboration","Course: Problem Solving, Course: Financial Analysis, Course: Adaptability"
INT0157,Finance,FINANCE,1,9,"communication, policy development, analytical skills, data analytics, cash flow management","problem solving, teamwork, financial analysis, adaptability, leadership","Course: Problem Solving, Course: Teamwork, Course: Financial Analysis"
INT0158,Finance,FINANCE,1,7,"financial reporting, communication, flexibility, financial analysis, problem solving","adaptability, leadership, data analysis, attention to detail, budgeting","Course: Adaptability, Course: Leadership, Course: Data Analysis"
INT0159,Finance,FINANCE,3,7,"communication, budgeting, project management, adaptability, strategic planning","problem solving, teamwork, financial analysis, leadership, collaboration","Course: Problem Solving, Course: Teamwork, Course: Financial Analysis"
INT0160,Finance,FINANCE,1,8,"financial reporting, erp systems, team leadership, financial planning, data analysis","communication, problem solving, teamwork, financial analysis, adaptability","Course: Communication, Course: Problem Solving, Course: Teamwork"
INT0161,Finance,FINANCE,1,5,"accounting, time management, problem solving, confidentiality, organization","communication, teamwork, financial analysis, adaptability, leadership","Course: Communication, Course: Teamwork, Course: Financial Analysis"
INT0162,Finance,FINANCE,1,9,"financial reporting, budgeting, ownership, adaptability, healthcare finance","communication, problem solving, financial analysis, leadership, collaboration","Course: Communication, Course: Problem Solving, Course: Financial Analysis"
INT0163,Finance,FINANCE,3,5,"communication, time management, microsoft excel, leadership, variance analysis","problem solving, teamwork, financial analysis, adaptability, collaboration","Course: Problem Solving, Course: Teamwork, Course: Financial Analysis"
INT0164,Finance,FINANCE,1,5,"financial reporting, communication, attention to detail, forecasting, collaboration","problem solving, teamwork, financial analysis, adaptability, leadership","Course: Problem Solving, Course: Teamwork, Course: Financial Analysis"
INT0165,Finance,FINANCE,1,10,"accounting, decision making, negotiation, interpersonal skills, forecasting","communication, teamwork, financial analysis, adaptability, leadership","Course: Communication, Course: Teamwork, Course: Financial Analysis"
INT0166,Finance,FINANCE,3,9,"accounting, project management, adaptability, analytical thinking, risk management","communication, problem solving, teamwork, financial analysis, leadership","Course: Communication, Course: Problem Solving, Course: Teamwork"
INT0167,Finance,FINANCE,1,9,"budgeting, relationship management, time management, risk management, analytical skills","communication, teamwork, adaptability, leadership, collaboration","Course: Communication, Course: Teamwork, Course: Adaptability"
INT0168,Finance,FINANCE,1,10,"accounting, investment analysis, budgeting, project management, adaptability","communication, problem solving, teamwork, leadership, collaboration","Course: Communication, Course: Problem Solving, Course: Teamwork"
INT0169,Finance,FINANCE,3,7,"communication, time management, presentation skills, analytical skills, microsoft excel","teamwork, financial analysis, adaptability, leadership, collaboration","Course: Teamwork, Course: Financial Analysis, Course: Adaptability"
INT0170,Finance,FINANCE,1,6,"financial reporting, communication, adaptability, mentorship, forecasting","problem solving, teamwork, financial analysis, leadership, data analysis","Course: Problem Solving, Course: Teamwork, Course: Financial Analysis"
INT0171,Finance,FINANCE,1,5,"accounting, adaptability, process improvement, strategic planning, relationship building","communication, problem solving, teamwork, financial analysis, leadership","Course: Communication, Course: Problem Solving, Course: Teamwork"
INT0172,Finance,FINANCE,1,8,"communication, financial reporting, power bi, time management, problem solving","teamwork, financial analysis, adaptability, leadership, collaboration","Course: Teamwork, Course: Financial Analysis, Course: Adaptability"
INT0173,Finance,FINANCE,3,5,"microsoft powerpoint, interpersonal skills, tableau, risk management, excel","communication, problem solving, teamwork, financial analysis, adaptability","Course: Communication, Course: Problem Solving, Course: Teamwork"
INT0174,Finance,FINANCE,3,5,"negotiation, risk management, leadership, oracle, prioritization","communication, problem solving, teamwork, financial analysis, adaptability","Course: Communication, Course: Problem Solving, Course: Teamwork"
INT0175,Finance,FINANCE,1,8,"accounting, financial reporting, communication, budgeting, relationship management","problem solving, financial analysis, adaptability, leadership, collaboration","Course: Problem Solving, Course: Financial Analysis, Course: Adaptability"
INT0176,Finance,FINANCE,3,9,"power bi, ms excel, gaap, problem solving, data analysis","communication, financial analysis, adaptability, leadership, financial reporting","Course: Communication, Course: Financial Analysis, Course: Adaptability"
INT0177,Finance,FINANCE,1,5,"time management, forecasting, excel, professionalism, collaboration","communication, problem solving, teamwork, financial analysis, adaptability","Course: Communication, Course: Problem Solving, Course: Teamwork"
INT0178,Finance,FINANCE,3,7,"power bi, interpersonal skills, attention to detail, risk management, data analysis","communication, problem solving, teamwork, financial analysis, adaptability","Course: Communication, Course: Problem Solving, Course: Teamwork"
INT0179,Finance,FINANCE,1,8,"accounting, microsoft powerpoint, independence, gaap, interpersonal skills","communication, problem solving, financial analysis, adaptability, leadership","Course: Communication, Course: Problem Solving, Course: Financial Analysis"
INT0180,Finance,FINANCE,1,8,"communication, budgeting, adaptability, financial modeling, forecasting","problem solving, teamwork, financial analysis, leadership, collaboration","Course: Problem Solving, Course: Teamwork, Course: Financial Analysis"
INT0181,Finance,FINANCE,1,6,"financial reporting, budgeting, adaptability, change management, problem solving","communication, teamwork, financial analysis, leadership, collaboration","Course: Communication, Course: Teamwork, Course: Financial Analysis"
INT0182,Finance,FINANCE,3,8,"integrity, communication, mentoring, strategic thinking, leadership","problem solving, teamwork, financial analysis, adaptability, financial reporting","Course: Problem Solving, Course: Teamwork, Course: Financial Analysis"
INT0183,Finance,FINANCE,1,7,"financial reporting, analytical thinking, budget preparation, microsoft excel, reconciliation","communication, problem solving, teamwork, financial analysis, adaptability","Course: Communication, Course: Problem Solving, Course: Teamwork"
INT0184,Finance,FINANCE,1,5,"accounting, adaptability, problem solving, discretion, financial management","communication, teamwork, financial analysis, leadership, collaboration","Course: Communication, Course: Teamwork, Course: Financial Analysis"
INT0185,Finance,FINANCE,1,8,"team management, gaap, financial modeling, coaching, business planning","communication, problem solving, financial analysis, adaptability, leadership","Course: Communication, Course: Problem Solving, Course: Financial Analysis"
INT0186,Finance,FINANCE,3,7,"communication, cross-functional collaboration, self-starter, regulatory compliance, excel","problem solving, teamwork, financial analysis, adaptability, leadership","Course: Problem Solving, Course: Teamwork, Course: Financial Analysis"
INT0187,Finance,FINANCE,3,9,"communication, microsoft word, project management, adaptability, analytical thinking","problem solving, teamwork, financial analysis, leadership, financial reporting","Course: Problem Solving, Course: Teamwork, Course: Financial Analysis"
INT0188,Finance,FINANCE,3,10,"project management, profitability analysis, microsoft excel, problem solving, accounting principles","communication, teamwork, financial analysis, adaptability, leadership","Course: Communication, Course: Teamwork, Course: Financial Analysis"
INT0189,Finance,FINANCE,3,7,"communication, budgeting, general ledger, project management, analytical thinking","problem solving, teamwork, financial analysis, adaptability, leadership","Course: Problem Solving, Course: Teamwork, Course: Financial Analysis"
INT0190,Finance,FINANCE,1,6,"financial forecasting, problem solving, coaching, data analytics, budget management","communication, teamwork, financial analysis, adaptability, leadership","Course: Communication, Course: Teamwork, Course: Financial Analysis"
INT0191,Finance,FINANCE,1,5,"accounting, financial reporting, sox compliance, attention to detail, analytical skills","communication, problem solving, teamwork, financial analysis, adaptability","Course: Communication, Course: Problem Solving, Course: Teamwork"
INT0192,Finance,FINANCE,1,8,"investment analysis, project management, attention to detail, financial modeling, strategic thinking","communication, problem solving, teamwork, financial analysis, adaptability","Course: Communication, Course: Problem Solving, Course: Teamwork"
INT0193,Finance,FINANCE,3,8,"accounting, microsoft powerpoint, project management, attention to detail, analytical skills","communication, financial analysis, adaptability, collaboration, financial reporting","Course: Communication, Course: Financial Analysis, Course: Adaptability"
INT0194,Finance,FINANCE,1,6,"financial reporting, cost management, team management, financial modeling, financial analysis","communication, problem solving, teamwork, adaptability, leadership","Course: Communication, Course: Problem Solving, Course: Teamwork"
INT0195,Finance,FINANCE,1,8,"accounting, communication, time management, financial analysis, cpa","problem solving, teamwork, adaptability, collaboration, financial reporting","Course: Problem Solving, Course: Teamwork, Course: Adaptability"
INT0196,Finance,FINANCE,1,5,"project management, cost analysis, organizational skills, accounting software, teamwork","communication, problem solving, financial analysis, adaptability, leadership","Course: Communication, Course: Problem Solving, Course: Financial Analysis"
INT0197,Finance,FINANCE,1,8,"analytical thinking, quickbooks, analytical skills, regulatory compliance, accounting principles","communication, problem solving, teamwork, financial analysis, adaptability","Course: Communication, Course: Problem Solving, Course: Teamwork"
INT0198,Finance,FINANCE,1,7,"communication, customer service, financial reporting, budgeting, data analysis","problem solving, teamwork, financial analysis, adaptability, leadership","Course: Problem Solving, Course: Teamwork, Course: Financial Analysis"
INT0199,Finance,FINANCE,1,6,"financial reporting, financial systems, time management, problem solving, cash flow management","communication, teamwork, financial analysis, adaptability, leadership","Course: Communication, Course: Teamwork, Course: Financial Analysis"
INT0200,Finance,FINANCE,1,5,"communication, financial reporting, time management, forecasting, critical thinking","problem solving, teamwork, financial analysis, adaptability, leadership","Course: Problem Solving, Course: Teamwork, Course: Financial Analysis"
INT0201,Finance,FINANCE,1,5,"communication, budgeting, regulatory compliance, excel, teamwork","problem solving, financial analysis, adaptability, leadership, collaboration","Course: Problem Solving, Course: Financial Analysis, Course: Adaptability"
INT0202,Finance,FINANCE,1,7,"project management, contract management, inventory management, negotiation, financial analysis","communication, problem solving, teamwork, adaptability, collaboration","Course: Communication, Course: Problem Solving, Course: Teamwork"
INT0203,Finance,FINANCE,1,7,"analytical thinking, problem solving, internal controls, advanced excel, finance","communication, financial analysis, adaptability, leadership, collaboration","Course: Communication, Course: Financial Analysis, Course: Adaptability"
INT0204,Finance,FINANCE,1,8,"financial reporting, adaptability, team management, inventory management, time management","communication, problem solving, teamwork, financial analysis, collaboration","Course: Communication, Course: Problem Solving, Course: Teamwork"
INT0205,Finance,FINANCE,3,6,"communication, negotiation, time management, leadership, critical thinking","problem solving, teamwork, financial analysis, adaptability, collaboration","Course: Problem Solving, Course: Teamwork, Course: Financial Analysis"
INT0206,Finance,FINANCE,1,6,"communication, financial reporting, microsoft powerpoint, adaptability, interpersonal skills","problem solving, teamwork, financial analysis, leadership, collaboration","Course: Problem Solving, Course: Teamwork, Course: Financial Analysis"
INT0207,Finance,FINANCE,1,8,"accounting, communication, independence, adaptability, process improvement","problem solving, teamwork, financial analysis, leadership, collaboration","Course: Problem Solving, Course: Teamwork, Course: Financial Analysis"
INT0208,Finance,FINANCE,1,9,"independence, conflict resolution, adaptability, forecasting, financial modeling","communication, problem solving, teamwork, financial analysis, collaboration","Course: Communication, Course: Problem Solving, Course: Teamwork"
INT0209,Finance,FINANCE,1,6,"microsoft powerpoint, team collaboration, cost analysis, discretion, data analysis","communication, problem solving, teamwork, financial analysis, adaptability","Course: Communication, Course: Problem Solving, Course: Teamwork"
INT0210,Finance,FINANCE,1,10,"accounting, client service, erp systems, influencing, time management","communication, teamwork, financial analysis, adaptability, collaboration","Course: Communication, Course: Teamwork, Course: Financial Analysis"
INT0211,Finance,FINANCE,3,8,"communication, collaboration, project management, adaptability, self-starter","teamwork, financial analysis, leadership, financial reporting, data analysis","Course: Teamwork, Course: Financial Analysis, Course: Leadership"
INT0212,Finance,FINANCE,1,7,"communication, microsoft powerpoint, interpersonal skills, analytical skills, excel","problem solving, teamwork, financial analysis, adaptability, leadership","Course: Problem Solving, Course: Teamwork, Course: Financial Analysis"
INT0213,Finance,FINANCE,1,6,"attention to detail, engagement, financial analysis, accounting software, sap","communication, problem solving, teamwork, adaptability, leadership","Course: Communication, Course: Problem Solving, Course: Teamwork"
INT0214,Finance,FINANCE,1,8,"financial reporting, customer service, erp systems, adaptability, attention to detail","communication, problem solving, teamwork, financial analysis, leadership","Course: Communication, Course: Problem Solving, Course: Teamwork"
INT0215,Finance,FINANCE,1,7,"financial reporting, attention to detail, time management, mentorship, professionalism","communication, problem solving, financial analysis, adaptability, leadership","Course: Communication, Course: Problem Solving, Course: Financial Analysis"
INT0216,Finance,FINANCE,1,6,"budgeting, financial modeling, coaching, leadership, organizational skills","communication, problem solving, teamwork, financial analysis, adaptability","Course: Communication, Course: Problem Solving, Course: Teamwork"
INT0217,Finance,FINANCE,1,5,"budgeting, adaptability, continuous improvement, problem solving, detail-oriented","communication, teamwork, financial analysis, leadership, collaboration","Course: Communication, Course: Teamwork, Course: Financial Analysis"
INT0218,Finance,FINANCE,1,7,"financial systems, project management, gaap, rpa, time management","communication, teamwork, financial analysis, adaptability, leadership","Course: Communication, Course: Teamwork, Course: Financial Analysis"
INT0219,Finance,FINANCE,1,5,"communication, independence, forecasting, excel, business case development","problem solving, teamwork, financial analysis, adaptability, leadership","Course: Problem Solving, Course: Teamwork, Course: Financial Analysis"
INT0220,Finance,FINANCE,1,6,"customer service, vendor management, adaptability, risk management, financial analysis","communication, problem solving, teamwork, leadership, collaboration","Course: Communication, Course: Problem Solving, Course: Teamwork"
INT0221,Finance,FINANCE,1,8,"analytical thinking, time management, financial analysis, coaching, leadership","communication, problem solving, teamwork, adaptability, collaboration","Course: Communication, Course: Problem Solving, Course: Teamwork"
INT0222,Finance,FINANCE,1,9,"python, ms excel, adaptability, gaap, forecasting","communication, financial analysis, collaboration, financial reporting, data analysis","Course: Communication, Course: Financial Analysis, Course: Collaboration"
INT0223,Finance,FINANCE,1,8,"accounting, financial reporting, networking, communication, project management","problem solving, teamwork, financial analysis, leadership, collaboration","Course: Problem Solving, Course: Teamwork, Course: Financial Analysis"
INT0224,Finance,FINANCE,1,8,"communication, auditing, team management, presentation skills, financial analysis","teamwork, adaptability, leadership, collaboration, financial reporting","Course: Teamwork, Course: Adaptability, Course: Leadership"
INT0225,Finance,FINANCE,1,9,"python, budgeting, adaptability, self-starter, financial planning","communication, problem solving, teamwork, financial analysis, leadership","Course: Communication, Course: Problem Solving, Course: Teamwork"
INT0226,Finance,FINANCE,1,10,"communication, sox compliance, interpersonal skills, attention to detail, time management","teamwork, adaptability, leadership, collaboration, financial reporting","Course: Teamwork, Course: Adaptability, Course: Leadership"
INT0227,Finance,FINANCE,1,8,"communication, financial forecasting, mentoring, strategic planning, strategic thinking","problem solving, teamwork, financial analysis, adaptability, leadership","Course: Problem Solving, Course: Teamwork, Course: Financial Analysis"
INT0228,Finance,FINANCE,0,5,"presentation skills, credit analysis, business case development, teamwork, blackline","communication, problem solving, financial analysis, adaptability, leadership","Course: Communication, Course: Problem Solving, Course: Financial Analysis"
INT0229,Finance,FINANCE,1,5,"financial reporting, auditing, risk assessment, adaptability, detail-oriented","communication, problem solving, teamwork, financial analysis, leadership","Course: Communication, Course: Problem Solving, Course: Teamwork"
INT0230,Finance,FINANCE,3,6,"communication, time management, credit risk assessment, finance, cash flow management","problem solving, teamwork, financial analysis, adaptability, leadership","Course: Problem Solving, Course: Teamwork, Course: Financial Analysis"
INT0231,Finance,FINANCE,3,6,"communication, auditing, team management, problem solving, fp&a","financial analysis, adaptability, leadership, collaboration, financial reporting","Course: Financial Analysis, Course: Adaptability, Course: Leadership"
INT0232,Finance,FINANCE,1,5,"communication, mentorship, forecasting, leadership, financial management","problem solving, teamwork, financial analysis, adaptability, collaboration","Course: Problem Solving, Course: Teamwork, Course: Financial Analysis"
INT0233,Finance,FINANCE,1,7,"accounting, communication, interpersonal skills, attention to detail, financial planning","problem solving, teamwork, financial analysis, adaptability, leadership","Course: Problem Solving, Course: Teamwork, Course: Financial Analysis"
INT0234,Finance,FINANCE,3,9,"accounting, communication, team management, presentation skills, microsoft excel","teamwork, financial analysis, adaptability, financial reporting, attention to detail","Course: Teamwork, Course: Financial Analysis, Course: Adaptability"
INT0235,Finance,FINANCE,1,7,"financial reporting, financial operations, time management, financial analysis, data analysis","communication, problem solving, teamwork, adaptability, leadership","Course: Communication, Course: Problem Solving, Course: Teamwork"
INT0236,Finance,FINANCE,1,9,"accounting, financial reporting, process improvement, interpersonal skills, team management","communication, problem solving, teamwork, financial analysis, adaptability","Course: Communication, Course: Problem Solving, Course: Teamwork"
INT0237,Finance,FINANCE,1,7,"risk assessment, attention to detail, strategic thinking, problem solving, financial regulations","communication, teamwork, financial analysis, adaptability, leadership","Course: Communication, Course: Teamwork, Course: Financial Analysis"
INT0238,Finance,FINANCE,1,7,"communication, independence, budgeting, power bi, budget preparation","problem solving, teamwork, financial analysis, adaptability, leadership","Course: Problem Solving, Course: Teamwork, Course: Financial Analysis"
INT0239,Finance,FINANCE,1,10,"accounting, financial reporting, independence, risk assessment, gaap","communication, problem solving, teamwork, financial analysis, adaptability","Course: Communication, Course: Problem Solving, Course: Teamwork"
INT0240,Finance,FINANCE,1,8,"financial reporting, self-starter, analytical thinking, interpersonal skills, problem solving","communication, teamwork, financial analysis, adaptability, collaboration","Course: Communication, Course: Teamwork, Course: Financial Analysis"
INT0241,Human Resources,HR,2,9,"communication, customer service, leadership development, attention to detail, strategic planning","problem solving, employee relations, adaptability, teamwork, interpersonal skills","Course: Problem Solving, Course: Employee Relations, Course: Adaptability"
INT0242,Human Resources,HR,2,6,"communication, attention to detail, team collaboration, confidentiality, budget management","problem solving, employee relations, adaptability, teamwork, interpersonal skills","Course: Problem Solving, Course: Employee Relations, Course: Adaptability"
INT0243,Human Resources,HR,3,9,"communication, organizational development, process improvement, interpersonal skills, ats","employee relations, adaptability, teamwork, attention to detail, performance management","Course: Employee Relations, Course: Adaptability, Course: Teamwork"
INT0244,Human Resources,HR,2,7,"organizational development, technical support, conflict management, payroll processing, motivation","communication, problem solving, employee relations, adaptability, teamwork","Course: Communication, Course: Problem Solving, Course: Employee Relations"
INT0245,Human Resources,HR,2,9,"communication, ms office suite, interpersonal skills, leadership development, policy development","problem solving, employee relations, adaptability, teamwork, attention to detail","Course: Problem Solving, Course: Employee Relations, Course: Adaptability"
INT0246,Human Resources,HR,3,8,"administrative support, project management, adaptability, ms office, onboarding","communication, problem solving, employee relations, teamwork, interpersonal skills","Course: Communication, Course: Problem Solving, Course: Employee Relations"
INT0247,Human Resources,HR,2,6,"communication, recruiting, change management, adp workforce now, performance management","problem solving, employee relations, adaptability, teamwork, interpersonal skills","Course: Problem Solving, Course: Employee Relations, Course: Adaptability"
INT0248,Human Resources,HR,2,7,"communication, adaptability, change management, compliance, leadership","problem solving, employee relations, teamwork, interpersonal skills, attention to detail","Course: Problem Solving, Course: Employee Relations, Course: Teamwork"
INT0249,Human Resources,HR,2,5,"conflict resolution, recruiting, excel, organizational skills, active listening","communication, problem solving, employee relations, adaptability, teamwork","Course: Communication, Course: Problem Solving, Course: Employee Relations"
INT0250,Human Resources,HR,3,6,"communication, mentoring, problem solving, data analysis, recruitment","employee relations, adaptability, teamwork, interpersonal skills, attention to detail","Course: Employee Relations, Course: Adaptability, Course: Teamwork"
INT0251,Human Resources,HR,0,5,"customer service, compensation management, organizational development, customer service orientation, interpersonal skills","communication, problem solving, employee relations, adaptability, teamwork","Course: Communication, Course: Problem Solving, Course: Employee Relations"
INT0252,Human Resources,HR,2,6,"communication, employee relations, project management, attention to detail, leadership","problem solving, adaptability, teamwork, interpersonal skills, data analysis","Course: Problem Solving, Course: Adaptability, Course: Teamwork"
INT0253,Human Resources,HR,2,9,"conflict resolution, project management, relationship building, interpersonal skills, human resources management","communication, problem solving, employee relations, adaptability, teamwork","Course: Communication, Course: Problem Solving, Course: Employee Relations"
INT0254,Human Resources,HR,2,6,"customer service, interpersonal skills, hris systems, conflict management, microsoft excel","communication, problem solving, employee relations, adaptability, teamwork","Course: Communication, Course: Problem Solving, Course: Employee Relations"
INT0255,Human Resources,HR,2,5,"customer service, influencing, problem solving, hris, bilingual (english/spanish)","communication, employee relations, adaptability, teamwork, interpersonal skills","Course: Communication, Course: Employee Relations, Course: Adaptability"
INT0256,Human Resources,HR,2,6,"communication, microsoft outlook, problem solving, ms word, communication skills","employee relations, adaptability, teamwork, interpersonal skills, attention to detail","Course: Employee Relations, Course: Adaptability, Course: Teamwork"
INT0257,Human Resources,HR,2,6,"communication, recruiting, ms office, payroll processing, coaching","problem solving, employee relations, adaptability, teamwork, interpersonal skills","Course: Problem Solving, Course: Employee Relations, Course: Adaptability"
INT0258,Human Resources,HR,2,8,"communication, customer service, interpersonal skills, payroll processing, problem solving","employee relations, adaptability, teamwork, attention to detail, data analysis","Course: Employee Relations, Course: Adaptability, Course: Teamwork"
INT0259,Human Resources,HR,2,6,"communication, employee benefits, problem solving, coaching, compliance","employee relations, adaptability, teamwork, interpersonal skills, attention to detail","Course: Employee Relations, Course: Adaptability, Course: Teamwork"
INT0260,Human Resources,HR,2,6,"communication, conflict resolution, engagement, training and development, hris","problem solving, employee relations, adaptability, teamwork, interpersonal skills","Course: Problem Solving, Course: Employee Relations, Course: Adaptability"
INT0261,Human Resources,HR,2,6,"project management, problem solving, human resources management, teamwork, onboarding","communication, employee relations, adaptability, interpersonal skills, attention to detail","Course: Communication, Course: Employee Relations, Course: Adaptability"
INT0262,Human Resources,HR,2,9,"communication, mentoring, compensation, hr strategy development, hr compliance","problem solving, employee relations, adaptability, interpersonal skills, attention to detail","Course: Problem Solving, Course: Employee Relations, Course: Adaptability"
INT0263,Human Resources,HR,3,10,"independence, technical support, adaptability, ms office suite, hris management","communication, employee relations, teamwork, interpersonal skills, attention to detail","Course: Communication, Course: Employee Relations, Course: Teamwork"
INT0264,Human Resources,HR,2,8,"employee relations, cultural awareness, microsoft office suite, strategic planning, performance evaluation","communication, problem solving, adaptability, teamwork, interpersonal skills","Course: Communication, Course: Problem Solving, Course: Adaptability"
INT0265,Human Resources,HR,2,8,"communication, compensation management, employee relations, hr project management, interpersonal skills","problem solving, adaptability, teamwork, attention to detail, performance management","Course: Problem Solving, Course: Adaptability, Course: Teamwork"
INT0266,Human Resources,HR,2,9,"communication, attention to detail, recruitment, performance management, hris configuration","problem solving, employee relations, adaptability, teamwork, interpersonal skills","Course: Problem Solving, Course: Employee Relations, Course: Adaptability"
INT0267,Human Resources,HR,2,6,"communication, employee relations, talent management, diplomacy, compliance","problem solving, adaptability, teamwork, interpersonal skills, attention to detail","Course: Problem Solving, Course: Adaptability, Course: Teamwork"
INT0268,Human Resources,HR,2,8,"communication, employment laws, adaptability, negotiation, analytical skills","problem solving, employee relations, teamwork, interpersonal skills, attention to detail","Course: Problem Solving, Course: Employee Relations, Course: Teamwork"
INT0269,Human Resources,HR,2,10,"communication, employee relations, interpersonal skills, strategic thinking, team collaboration","problem solving, adaptability, teamwork, attention to detail, performance management","Course: Problem Solving, Course: Adaptability, Course: Teamwork"
INT0270,Human Resources,HR,2,5,"communication, employee engagement strategies, attention to detail, recruitment, powerpoint","problem solving, employee relations, adaptability, teamwork, interpersonal skills","Course: Problem Solving, Course: Employee Relations, Course: Adaptability"
INT0271,Human Resources,HR,2,10,"communication, flexibility, process improvement, hris systems, compensation","employee relations, adaptability, interpersonal skills, attention to detail, performance management","Course: Employee Relations, Course: Adaptability, Course: Interpersonal Skills"
INT0272,Human Resources,HR,2,9,"adaptability, organization, policy development, analytical skills, onboarding","communication, problem solving, employee relations, teamwork, interpersonal skills","Course: Communication, Course: Problem Solving, Course: Employee Relations"
INT0273,Human Resources,HR,2,7,"communication, talent development, attention to detail, coaching, benefits administration","problem solving, employee relations, adaptability, teamwork, interpersonal skills","Course: Problem Solving, Course: Employee Relations, Course: Adaptability"
INT0274,Human Resources,HR,2,9,"employee engagement, analytical skills, problem solving, human resources management, data analysis","communication, employee relations, adaptability, teamwork, interpersonal skills","Course: Communication, Course: Employee Relations, Course: Adaptability"
INT0275,Human Resources,HR,3,8,"customer service, recruiting, adaptability, self-starter, change management","communication, employee relations, teamwork, interpersonal skills, attention to detail","Course: Communication, Course: Employee Relations, Course: Teamwork"
INT0276,Human Resources,HR,2,10,"communication, interviewing, policy development, payroll administration, trust building","problem solving, employee relations, adaptability, teamwork, interpersonal skills","Course: Problem Solving, Course: Employee Relations, Course: Adaptability"
INT0277,Human Resources,HR,2,5,"interviewing, conflict resolution, interpersonal skills, data analysis, self-motivation","communication, problem solving, employee relations, adaptability, teamwork","Course: Communication, Course: Problem Solving, Course: Employee Relations"
INT0278,Human Resources,HR,2,7,"communication, employee relations, recruiting, negotiation, problem solving","adaptability, teamwork, interpersonal skills, attention to detail, performance management","Course: Adaptability, Course: Teamwork, Course: Interpersonal Skills"
INT0279,Human Resources,HR,3,5,"analytical thinking, problem solving, data analysis, onboarding, creativity","communication, employee relations, adaptability, teamwork, interpersonal skills","Course: Communication, Course: Employee Relations, Course: Adaptability"
INT0280,Human Resources,HR,2,8,"communication, employee relations, interpersonal skills, negotiation, strategic planning","problem solving, adaptability, teamwork, attention to detail, performance management","Course: Problem Solving, Course: Adaptability, Course: Teamwork"
INT0281,Human Resources,HR,2,5,"compensation management, adaptability, interpersonal skills, time management, coaching","communication, problem solving, employee relations, teamwork, attention to detail","Course: Communication, Course: Problem Solving, Course: Employee Relations"
INT0282,Human Resources,HR,2,10,"communication, approachability, compliance, leadership, confidentiality","problem solving, employee relations, adaptability, teamwork, interpersonal skills","Course: Problem Solving, Course: Employee Relations, Course: Adaptability"
INT0283,Human Resources,HR,2,5,"hr processes, time management, analytical skills, problem solving, active listening","communication, employee relations, adaptability, teamwork, interpersonal skills","Course: Communication, Course: Employee Relations, Course: Adaptability"
INT0284,Human Resources,HR,3,8,"attention to detail, conflict management, policy development, microsoft excel, problem solving","communication, employee relations, adaptability, teamwork, interpersonal skills","Course: Communication, Course: Employee Relations, Course: Adaptability"
INT0285,Human Resources,HR,2,9,"employee relations, employment law compliance, microsoft office suite, policy development, human resources management","communication, problem solving, adaptability, teamwork, interpersonal skills","Course: Communication, Course: Problem Solving, Course: Adaptability"
INT0286,Human Resources,HR,2,8,"communication, verbal communication, ms office suite, strategic thinking, performance management","problem solving, employee relations, adaptability, teamwork, interpersonal skills","Course: Problem Solving, Course: Employee Relations, Course: Adaptability"
INT0287,Human Resources,HR,3,5,"payroll systems, attention to detail, data analysis, self-motivation, succession planning","communication, problem solving, employee relations, adaptability, teamwork","Course: Communication, Course: Problem Solving, Course: Employee Relations"
INT0288,Human Resources,HR,2,5,"adaptability, data analysis, performance management, teamwork, onboarding","communication, problem solving, employee relations, interpersonal skills, attention to detail","Course: Communication, Course: Problem Solving, Course: Employee Relations"
INT0289,Human Resources,HR,3,5,"decision making, problem solving, leadership, self-motivation, multi-tasking","communication, employee relations, adaptability, teamwork, interpersonal skills","Course: Communication, Course: Employee Relations, Course: Adaptability"
INT0290,Human Resources,HR,2,5,"interpersonal skills, time management, shrm-cp certification, teamwork, empathy","communication, problem solving, employee relations, adaptability, attention to detail","Course: Communication, Course: Problem Solving, Course: Employee Relations"
INT0291,Human Resources,HR,3,6,"communication, recruiting, project management, time management, problem solving","employee relations, adaptability, teamwork, interpersonal skills, attention to detail","Course: Employee Relations, Course: Adaptability, Course: Teamwork"
INT0292,Human Resources,HR,3,6,"communication, microsoft office suite, attention to detail, leadership, data analysis","problem solving, employee relations, adaptability, teamwork, interpersonal skills","Course: Problem Solving, Course: Employee Relations, Course: Adaptability"
INT0293,Human Resources,HR,3,6,"project management, adaptability, time management, training and development, budget management","communication, problem solving, employee relations, teamwork, interpersonal skills","Course: Communication, Course: Problem Solving, Course: Employee Relations"
INT0294,Human Resources,HR,2,5,"adaptability, change management, confidentiality, performance management, organizational design","communication, problem solving, employee relations, teamwork, interpersonal skills","Course: Communication, Course: Problem Solving, Course: Employee Relations"
INT0295,Human Resources,HR,2,9,"communication, offboarding, employee relations, recruiting, project management","problem solving, adaptability, teamwork, interpersonal skills, attention to detail","Course: Problem Solving, Course: Adaptability, Course: Teamwork"
INT0296,Human Resources,HR,2,5,"emotional intelligence, compliance with labor laws, performance management, employment law, cultural sensitivity","communication, problem solving, employee relations, adaptability, teamwork","Course: Communication, Course: Problem Solving, Course: Employee Relations"
INT0297,Human Resources,HR,2,8,"administrative support, interpersonal skills, problem solving, confidentiality, excel","communication, employee relations, adaptability, teamwork, attention to detail","Course: Communication, Course: Employee Relations, Course: Adaptability"
INT0298,Human Resources,HR,2,7,"communication, employee engagement, administrative support, adaptability, talent management","problem solving, employee relations, teamwork, interpersonal skills, attention to detail","Course: Problem Solving, Course: Employee Relations, Course: Teamwork"
INT0299,Human Resources,HR,2,10,"customer service, conflict resolution, employee relations, adaptability, global hr experience","communication, problem solving, teamwork, interpersonal skills, attention to detail","Course: Communication, Course: Problem Solving, Course: Teamwork"
INT0300,Human Resources,HR,2,5,"strategic planning, leadership, confidentiality, performance management, empathy","communication, problem solving, employee relations, adaptability, teamwork","Course: Communication, Course: Problem Solving, Course: Employee Relations"
INT0301,Human Resources,HR,3,7,"communication, integrity, analytical thinking, problem solving, ms word","employee relations, adaptability, teamwork, interpersonal skills, attention to detail","Course: Employee Relations, Course: Adaptability, Course: Teamwork"
INT0302,Human Resources,HR,2,9,"hr administration, microsoft office suite, attention to detail, labor laws, collaboration","communication, problem solving, employee relations, adaptability, interpersonal skills","Course: Communication, Course: Problem Solving, Course: Employee Relations"
INT0303,Human Resources,HR,2,8,"consultation, documentation, problem solving, self-motivation, benefits administration","communication, employee relations, adaptability, teamwork, interpersonal skills","Course: Communication, Course: Employee Relations, Course: Adaptability"
INT0304,Human Resources,HR,2,6,"employee relations, talent management, leadership, positive attitude, teamwork","communication, problem solving, adaptability, interpersonal skills, attention to detail","Course: Communication, Course: Problem Solving, Course: Adaptability"
INT0305,Human Resources,HR,2,6,"employee relations, bilingual (english and spanish), leadership, teamwork, record keeping","communication, problem solving, adaptability, interpersonal skills, attention to detail","Course: Communication, Course: Problem Solving, Course: Adaptability"
INT0306,Human Resources,HR,0,6,"communication, adaptability, attention to detail, problem solving, results-oriented","employee relations, teamwork, interpersonal skills, performance management, data analysis","Course: Employee Relations, Course: Teamwork, Course: Interpersonal Skills"
INT0307,Human Resources,HR,2,8,"mentoring, cultural awareness, hris management, discretion, hr analytics","communication, problem solving, employee relations, adaptability, teamwork","Course: Communication, Course: Problem Solving, Course: Employee Relations"
INT0308,Human Resources,HR,2,9,"employee relations, recruiting, adaptability, ms office suite, problem solving","communication, teamwork, interpersonal skills, attention to detail, performance management","Course: Communication, Course: Teamwork, Course: Interpersonal Skills"
INT0309,Human Resources,HR,2,6,"payroll systems, hr reporting and analytics, confidentiality, benefits administration, teamwork","communication, problem solving, employee relations, adaptability, interpersonal skills","Course: Communication, Course: Problem Solving, Course: Employee Relations"
INT0310,Human Resources,HR,2,9,"integrity, employee relations, hr policies and procedures, employee benefits, payroll administration","communication, problem solving, adaptability, teamwork, interpersonal skills","Course: Communication, Course: Problem Solving, Course: Adaptability"
INT0311,Human Resources,HR,2,9,"communication, employee relations, adaptability, analytical skills, trustworthiness","problem solving, teamwork, interpersonal skills, attention to detail, performance management","Course: Problem Solving, Course: Teamwork, Course: Interpersonal Skills"
INT0312,Human Resources,HR,3,5,"microsoft powerpoint, safety training, confidentiality, teamwork, business acumen","communication, problem solving, employee relations, adaptability, interpersonal skills","Course: Communication, Course: Problem Solving, Course: Employee Relations"
INT0313,Human Resources,HR,2,5,"employee benefits administration, employment law compliance, interpersonal skills, problem solving, leadership","communication, employee relations, adaptability, teamwork, attention to detail","Course: Communication, Course: Employee Relations, Course: Adaptability"
INT0314,Human Resources,HR,2,10,"training development, employee benefits administration, flexibility, hr information systems, team leadership","communication, problem solving, employee relations, adaptability, teamwork","Course: Communication, Course: Problem Solving, Course: Employee Relations"
INT0315,Human Resources,HR,4,5,"communication, technical support, change management, collaboration, employment law","problem solving, employee relations, adaptability, teamwork, interpersonal skills","Course: Problem Solving, Course: Employee Relations, Course: Adaptability"
INT0316,Human Resources,HR,2,9,"interpersonal skills, attention to detail, microsoft office suite, problem solving, recruitment","communication, employee relations, adaptability, teamwork, data analysis","Course: Communication, Course: Employee Relations, Course: Adaptability"
INT0317,Human Resources,HR,2,5,"communication, vendor management, payroll processing, time management, onboarding","problem solving, employee relations, adaptability, teamwork, interpersonal skills","Course: Problem Solving, Course: Employee Relations, Course: Adaptability"
INT0318,Human Resources,HR,3,7,"adaptability, attention to detail, strategic planning, problem solving, performance management","communication, employee relations, teamwork, interpersonal skills, data analysis","Course: Communication, Course: Employee Relations, Course: Teamwork"
INT0319,Human Resources,HR,2,7,"communication, payroll administration, problem solving, confidentiality, organizational skills","employee relations, adaptability, teamwork, interpersonal skills, attention to detail","Course: Employee Relations, Course: Adaptability, Course: Teamwork"
INT0320,Human Resources,HR,2,9,"adaptability, team collaboration, confidentiality, data analysis, benefits administration","communication, problem solving, employee relations, teamwork, interpersonal skills","Course: Communication, Course: Problem Solving, Course: Employee Relations"
INT0321,Human Resources,HR,2,8,"communication, decision making, offboarding, conflict resolution, compliance","problem solving, employee relations, adaptability, teamwork, interpersonal skills","Course: Problem Solving, Course: Employee Relations, Course: Adaptability"
INT0322,Human Resources,HR,3,6,"communication, data management, recruiting, documentation, recruitment","problem solving, employee relations, adaptability, teamwork, interpersonal skills","Course: Problem Solving, Course: Employee Relations, Course: Adaptability"
INT0323,Human Resources,HR,2,7,"communication, recruiting, hris systems, coaching, leadership","problem solving, employee relations, adaptability, teamwork, interpersonal skills","Course: Problem Solving, Course: Employee Relations, Course: Adaptability"
INT0324,Human Resources,HR,2,5,"cultural awareness, human resources management, data analysis, recruitment, professionalism","communication, problem solving, employee relations, adaptability, teamwork","Course: Communication, Course: Problem Solving, Course: Employee Relations"
INT0325,Human Resources,HR,2,8,"communication, employment laws, cultural awareness, engagement, work ethic","problem solving, employee relations, adaptability, interpersonal skills, attention to detail","Course: Problem Solving, Course: Employee Relations, Course: Adaptability"
INT0326,Human Resources,HR,2,8,"communication, organizational development, flexibility, mentoring, problem solving","employee relations, adaptability, teamwork, interpersonal skills, attention to detail","Course: Employee Relations, Course: Adaptability, Course: Teamwork"
INT0327,Human Resources,HR,3,9,"stakeholder management, microsoft office suite, attention to detail, time management, problem solving","communication, employee relations, adaptability, teamwork, interpersonal skills","Course: Communication, Course: Employee Relations, Course: Adaptability"
INT0328,Human Resources,HR,3,7,"collaboration, project management, analytical thinking, problem solving, human resources management","communication, employee relations, adaptability, teamwork, interpersonal skills","Course: Communication, Course: Employee Relations, Course: Adaptability"
INT0329,Human Resources,HR,2,9,"organizational development, conflict resolution, adaptability, attention to detail, discretion","communication, problem solving, employee relations, teamwork, interpersonal skills","Course: Communication, Course: Problem Solving, Course: Employee Relations"
INT0330,Human Resources,HR,2,6,"microsoft office suite, conflict management, bilingual (english and spanish), training and development, collaboration","communication, problem solving, employee relations, adaptability, teamwork","Course: Communication, Course: Problem Solving, Course: Employee Relations"
INT0331,Human Resources,HR,2,7,"communication, employee relations, attention to detail, compensation analysis, data analysis","problem solving, adaptability, interpersonal skills, performance management, leadership","Course: Problem Solving, Course: Adaptability, Course: Interpersonal Skills"
INT0332,Human Resources,HR,2,9,"communication, employee relations, hris systems, microsoft office suite, coaching","problem solving, adaptability, teamwork, interpersonal skills, attention to detail","Course: Problem Solving, Course: Adaptability, Course: Teamwork"
INT0333,Human Resources,HR,2,10,"communication, interpersonal skills, payroll processing, hr reporting and analytics, time management","problem solving, employee relations, adaptability, teamwork, attention to detail","Course: Problem Solving, Course: Employee Relations, Course: Adaptability"
INT0334,Human Resources,HR,2,6,"conflict resolution, flexibility, strategic planning, problem solving, negotiation skills","communication, employee relations, adaptability, teamwork, interpersonal skills","Course: Communication, Course: Employee Relations, Course: Adaptability"
INT0335,Human Resources,HR,3,6,"communication, adaptability, time management, compliance, data analysis","problem solving, employee relations, teamwork, interpersonal skills, attention to detail","Course: Problem Solving, Course: Employee Relations, Course: Teamwork"
INT0336,Human Resources,HR,2,8,"stakeholder management, talent management, problem solving, leadership, organizational skills","communication, employee relations, adaptability, interpersonal skills, attention to detail","Course: Communication, Course: Employee Relations, Course: Adaptability"
INT0337,Human Resources,HR,2,6,"recruiting, adaptability, coaching, data analysis, performance management","communication, problem solving, employee relations, teamwork, interpersonal skills","Course: Communication, Course: Problem Solving, Course: Employee Relations"
INT0338,Human Resources,HR,0,6,"adaptability, recruitment, independent work, critical thinking, background checks","communication, problem solving, employee relations, teamwork, interpersonal skills","Course: Communication, Course: Problem Solving, Course: Employee Relations"
INT0339,Human Resources,HR,2,10,"integrity, conflict resolution, attention to detail, team leadership, global hr experience","communication, employee relations, adaptability, teamwork, interpersonal skills","Course: Communication, Course: Employee Relations, Course: Adaptability"
INT0340,Human Resources,HR,2,7,"communication, recruiting, compliance, organizational skills, hris","problem solving, employee relations, adaptability, teamwork, interpersonal skills","Course: Problem Solving, Course: Employee Relations, Course: Adaptability"
INT0341,Human Resources,HR,2,7,"attention to detail, time management, confidentiality, recruitment, hr practices","communication, problem solving, employee relations, adaptability, interpersonal skills","Course: Communication, Course: Problem Solving, Course: Employee Relations"
INT0342,Human Resources,HR,2,5,"engagement, analytical skills, teamwork, organization, human resources policies","communication, problem solving, employee relations, adaptability, interpersonal skills","Course: Communication, Course: Problem Solving, Course: Employee Relations"
INT0343,Human Resources,HR,2,10,"communication, adaptability, conflict management, presentation skills, change management","employee relations, teamwork, interpersonal skills, attention to detail, data analysis","Course: Employee Relations, Course: Teamwork, Course: Interpersonal Skills"
INT0344,Human Resources,HR,2,5,"employee relations, hr compliance, collaboration, onboarding, empathy","communication, problem solving, adaptability, teamwork, interpersonal skills","Course: Communication, Course: Problem Solving, Course: Adaptability"
INT0345,Human Resources,HR,2,6,"communication, cultural awareness, compliance with labor laws, interpersonal skills, teamwork","problem solving, employee relations, adaptability, attention to detail, performance management","Course: Problem Solving, Course: Employee Relations, Course: Adaptability"
INT0346,Human Resources,HR,2,8,"employee relations, adaptability, attention to detail, work ethic, change management","communication, problem solving, teamwork, interpersonal skills, performance management","Course: Communication, Course: Problem Solving, Course: Teamwork"
INT0347,Human Resources,HR,2,10,"communication, employee relations, problem solving, multitasking, leadership","adaptability, teamwork, interpersonal skills, attention to detail, collaboration","Course: Adaptability, Course: Teamwork, Course: Interpersonal Skills"
INT0348,Human Resources,HR,2,9,"communication, verbal communication, interpersonal skills, compliance with labor laws, presentation skills","problem solving, employee relations, adaptability, teamwork, attention to detail","Course: Problem Solving, Course: Employee Relations, Course: Adaptability"
INT0349,Human Resources,HR,2,6,"communication, employee relations, leadership development, payroll processing, data analysis","problem solving, adaptability, teamwork, interpersonal skills, attention to detail","Course: Problem Solving, Course: Adaptability, Course: Teamwork"
INT0350,Human Resources,HR,2,10,"employee relations, adaptability, global hr experience, risk management, strategic thinking","communication, problem solving, teamwork, interpersonal skills, attention to detail","Course: Communication, Course: Problem Solving, Course: Teamwork"
INT0351,Human Resources,HR,2,8,"communication, employee relations, team collaboration, change management, data analysis","problem solving, adaptability, teamwork, interpersonal skills, attention to detail","Course: Problem Solving, Course: Adaptability, Course: Teamwork"
INT0352,Human Resources,HR,3,5,"cultural awareness, problem solving, data analysis, excel, creativity","communication, employee relations, adaptability, teamwork, interpersonal skills","Course: Communication, Course: Employee Relations, Course: Adaptability"
INT0353,Human Resources,HR,2,7,"independence, mediation, interpersonal skills, attention to detail, hr strategies","communication, problem solving, employee relations, adaptability, teamwork","Course: Communication, Course: Problem Solving, Course: Employee Relations"
INT0354,Human Resources,HR,2,6,"employee relations, microsoft office suite, interpersonal skills, presentation skills, payroll administration","communication, problem solving, adaptability, teamwork, attention to detail","Course: Communication, Course: Problem Solving, Course: Adaptability"
INT0355,Human Resources,HR,2,5,"communication, legal compliance, documentation, training and development, employment law","problem solving, employee relations, adaptability, teamwork, interpersonal skills","Course: Problem Solving, Course: Employee Relations, Course: Adaptability"
INT0356,Human Resources,HR,2,8,"communication, problem-solving, recruiting, attention to detail, compliance","problem solving, employee relations, adaptability, teamwork, interpersonal skills","Course: Problem Solving, Course: Employee Relations, Course: Adaptability"
INT0357,Human Resources,HR,2,6,"interpersonal skills, attention to detail, compliance knowledge, professionalism, payroll management","communication, problem solving, employee relations, adaptability, teamwork","Course: Communication, Course: Problem Solving, Course: Employee Relations"
INT0358,Human Resources,HR,2,6,"decision making, adaptability, ms office suite, employee benefits, problem solving","communication, employee relations, teamwork, interpersonal skills, attention to detail","Course: Communication, Course: Employee Relations, Course: Teamwork"
INT0359,Human Resources,HR,2,6,"interpersonal skills, diplomacy, human resources management, performance management, teamwork","communication, problem solving, employee relations, adaptability, attention to detail","Course: Communication, Course: Problem Solving, Course: Employee Relations"
INT0360,Human Resources,HR,2,8,"communication, employee relations, mediation, adaptability, microsoft office suite","problem solving, teamwork, interpersonal skills, performance management, data analysis","Course: Problem Solving, Course: Teamwork, Course: Interpersonal Skills"
INT0361,Information Technology,INFORMATION-TECHNOLOGY,3,8,"project management, cybersecurity, vendor management, interpersonal skills, configuration management","communication, problem solving, adaptability, teamwork, collaboration","Course: Communication, Course: Problem Solving, Course: Adaptability"
INT0362,Information Technology,INFORMATION-TECHNOLOGY,4,7,"networking, incident management, influencing skills, interpersonal skills, strategic planning","communication, problem solving, adaptability, teamwork, collaboration","Course: Communication, Course: Problem Solving, Course: Adaptability"
INT0363,Information Technology,INFORMATION-TECHNOLOGY,4,9,"project management, power bi, powershell, active directory, problem solving","communication, adaptability, teamwork, collaboration, leadership","Course: Communication, Course: Adaptability, Course: Teamwork"
INT0364,Information Technology,INFORMATION-TECHNOLOGY,3,7,"customer service, ms excel, time management, supply chain management, problem solving","communication, adaptability, teamwork, collaboration, project management","Course: Communication, Course: Adaptability, Course: Teamwork"
INT0365,Information Technology,INFORMATION-TECHNOLOGY,4,5,"communication, technical support, ms office suite, organizational skills, confluence","problem solving, adaptability, teamwork, collaboration, project management","Course: Problem Solving, Course: Adaptability, Course: Teamwork"
INT0366,Information Technology,INFORMATION-TECHNOLOGY,3,7,"integrity, decision making, vmware, data governance, presentation skills","communication, problem solving, adaptability, teamwork, project management","Course: Communication, Course: Problem Solving, Course: Adaptability"
INT0367,Information Technology,INFORMATION-TECHNOLOGY,4,7,"data governance, computer hardware, agile, project coordination, vpn","communication, problem solving, adaptability, collaboration, project management","Course: Communication, Course: Problem Solving, Course: Adaptability"
INT0368,Information Technology,INFORMATION-TECHNOLOGY,3,8,"communication, data management, vmware, attention to detail, problem solving","adaptability, collaboration, project management, leadership, customer service","Course: Adaptability, Course: Collaboration, Course: Project Management"
INT0369,Information Technology,INFORMATION-TECHNOLOGY,0,6,"customer service, adaptability, self-starter, ms teams, problem solving","communication, teamwork, collaboration, project management, leadership","Course: Communication, Course: Teamwork, Course: Collaboration"
INT0370,Information Technology,INFORMATION-TECHNOLOGY,4,6,"communication, erp systems, programming, agile, network administration","problem solving, adaptability, teamwork, collaboration, project management","Course: Problem Solving, Course: Adaptability, Course: Teamwork"
INT0371,Information Technology,INFORMATION-TECHNOLOGY,4,8,"operating systems, vmware, project management, team management, interpersonal skills","communication, problem solving, adaptability, teamwork, leadership","Course: Communication, Course: Problem Solving, Course: Adaptability"
INT0372,Information Technology,INFORMATION-TECHNOLOGY,3,9,"communication, dhcp, erp systems, ms project, analytical skills","adaptability, collaboration, project management, leadership, customer service","Course: Adaptability, Course: Collaboration, Course: Project Management"
INT0373,Information Technology,INFORMATION-TECHNOLOGY,4,9,"communication, customer service, vmware, ms excel, cobit","problem solving, teamwork, collaboration, project management, leadership","Course: Problem Solving, Course: Teamwork, Course: Collaboration"
INT0374,Information Technology,INFORMATION-TECHNOLOGY,4,8,"communication, team management, problem solving, collaboration, devops","adaptability, project management, leadership, customer service, time management","Course: Adaptability, Course: Project Management, Course: Leadership"
INT0375,Information Technology,INFORMATION-TECHNOLOGY,4,9,"communication, troubleshooting, market analysis, analytical thinking, motivation","problem solving, adaptability, project management, leadership, customer service","Course: Problem Solving, Course: Adaptability, Course: Project Management"
INT0376,Information Technology,INFORMATION-TECHNOLOGY,3,8,"communication, project management, performance monitoring, interviewing skills, team collaboration","adaptability, teamwork, collaboration, leadership, customer service","Course: Adaptability, Course: Teamwork, Course: Collaboration"
INT0377,Information Technology,INFORMATION-TECHNOLOGY,4,7,"communication, troubleshooting, technical support, team leadership, windows administration","adaptability, teamwork, collaboration, project management, customer service","Course: Adaptability, Course: Teamwork, Course: Collaboration"
INT0378,Information Technology,INFORMATION-TECHNOLOGY,3,9,"office 365, analytical thinking, presentation skills, change management, problem solving","communication, adaptability, teamwork, project management, leadership","Course: Communication, Course: Adaptability, Course: Teamwork"
INT0379,Information Technology,INFORMATION-TECHNOLOGY,4,7,"it project management, technical support, cybersecurity, cissp, continuous learning","communication, adaptability, teamwork, collaboration, project management","Course: Communication, Course: Adaptability, Course: Teamwork"
INT0380,Information Technology,INFORMATION-TECHNOLOGY,4,9,"communication, operating systems, technical support, configuration management, sql","adaptability, teamwork, collaboration, project management, leadership","Course: Adaptability, Course: Teamwork, Course: Collaboration"
INT0381,Information Technology,INFORMATION-TECHNOLOGY,3,8,"communication, independence, project management, adaptability, azure","problem solving, teamwork, collaboration, leadership, customer service","Course: Problem Solving, Course: Teamwork, Course: Collaboration"
INT0382,Information Technology,INFORMATION-TECHNOLOGY,3,7,"salesforce, collaboration, stakeholder management, attention to detail, microsoft operating systems","communication, problem solving, adaptability, teamwork, project management","Course: Communication, Course: Problem Solving, Course: Adaptability"
INT0383,Information Technology,INFORMATION-TECHNOLOGY,3,7,"customer service, vendor management, incident management, microsoft office suite, team leadership","communication, problem solving, adaptability, teamwork, collaboration","Course: Communication, Course: Problem Solving, Course: Adaptability"
INT0384,Information Technology,INFORMATION-TECHNOLOGY,0,6,"networking, influencing skills, attention to detail, professionalism, teamwork","communication, problem solving, adaptability, collaboration, project management","Course: Communication, Course: Problem Solving, Course: Adaptability"
INT0385,Information Technology,INFORMATION-TECHNOLOGY,0,5,"communication, java, flexibility, time management, self-motivation","problem solving, adaptability, teamwork, collaboration, project management","Course: Problem Solving, Course: Adaptability, Course: Teamwork"
INT0386,Information Technology,INFORMATION-TECHNOLOGY,4,10,"communication, project management, adaptability, configuration management, presentation skills","problem solving, teamwork, collaboration, leadership, customer service","Course: Problem Solving, Course: Teamwork, Course: Collaboration"
INT0387,Information Technology,INFORMATION-TECHNOLOGY,4,7,"information assurance, problem solving, data analysis, business analysis, windows server","communication, adaptability, teamwork, collaboration, project management","Course: Communication, Course: Adaptability, Course: Teamwork"
INT0388,Information Technology,INFORMATION-TECHNOLOGY,4,5,"data mining, windows 10, problem solving, communication skills, intune","communication, adaptability, teamwork, collaboration, project management","Course: Communication, Course: Adaptability, Course: Teamwork"
INT0389,Information Technology,INFORMATION-TECHNOLOGY,4,5,"communication, cybersecurity, negotiation, software installation, teamwork","problem solving, adaptability, collaboration, project management, leadership","Course: Problem Solving, Course: Adaptability, Course: Collaboration"
INT0390,Information Technology,INFORMATION-TECHNOLOGY,3,6,"adaptability, interpersonal skills, time management, windows 10, collaboration","communication, problem solving, teamwork, project management, leadership","Course: Communication, Course: Problem Solving, Course: Teamwork"
INT0391,Information Technology,INFORMATION-TECHNOLOGY,4,10,"communication, troubleshooting, independence, project management, cybersecurity","problem solving, adaptability, teamwork, collaboration, customer service","Course: Problem Solving, Course: Adaptability, Course: Teamwork"
INT0392,Information Technology,INFORMATION-TECHNOLOGY,3,5,"adaptability, self-starter, programming, project planning, change management","communication, problem solving, teamwork, collaboration, project management","Course: Communication, Course: Problem Solving, Course: Teamwork"
INT0393,Information Technology,INFORMATION-TECHNOLOGY,4,5,"communication, desktop support, user support, stakeholder engagement, information technology","problem solving, adaptability, teamwork, collaboration, project management","Course: Problem Solving, Course: Adaptability, Course: Teamwork"
INT0394,Information Technology,INFORMATION-TECHNOLOGY,3,7,"communication, customer service, digital transformation, collaboration, problem solving","adaptability, teamwork, project management, leadership, time management","Course: Adaptability, Course: Teamwork, Course: Project Management"
INT0395,Information Technology,INFORMATION-TECHNOLOGY,0,7,"communication, networking, adaptability, resume building, problem solving","teamwork, collaboration, project management, leadership, customer service","Course: Teamwork, Course: Collaboration, Course: Project Management"
INT0396,Information Technology,INFORMATION-TECHNOLOGY,3,8,"communication, attention to detail, leadership, organizational skills, collaboration","problem solving, adaptability, project management, customer service, time management","Course: Problem Solving, Course: Adaptability, Course: Project Management"
INT0397,Information Technology,INFORMATION-TECHNOLOGY,4,6,"networking, technical support, process improvement, strategic thinking, sharepoint","communication, problem solving, adaptability, collaboration, project management","Course: Communication, Course: Problem Solving, Course: Adaptability"
INT0398,Information Technology,INFORMATION-TECHNOLOGY,0,7,"help desk support, engagement, microsoft office suite, problem solving, self-motivation","communication, adaptability, collaboration, project management, leadership","Course: Communication, Course: Adaptability, Course: Collaboration"
INT0399,Information Technology,INFORMATION-TECHNOLOGY,4,6,"technical support, stakeholder management, organizational skills, sap, teamwork","communication, problem solving, adaptability, collaboration, project management","Course: Communication, Course: Problem Solving, Course: Adaptability"
INT0400,Information Technology,INFORMATION-TECHNOLOGY,3,8,"communication, servicenow, cloud services, project management, adaptability","problem solving, teamwork, collaboration, leadership, customer service","Course: Problem Solving, Course: Teamwork, Course: Collaboration"
INT0401,Information Technology,INFORMATION-TECHNOLOGY,3,5,"self-motivated, risk management, continuous improvement, problem solving, excel","communication, adaptability, teamwork, collaboration, project management","Course: Communication, Course: Adaptability, Course: Teamwork"
INT0402,Information Technology,INFORMATION-TECHNOLOGY,3,9,"troubleshooting, office 365, stakeholder management, team management, inventory management","communication, adaptability, teamwork, collaboration, project management","Course: Communication, Course: Adaptability, Course: Teamwork"
INT0403,Information Technology,INFORMATION-TECHNOLOGY,3,9,"communication, network configuration, data management, vmware, project management","problem solving, adaptability, teamwork, leadership, customer service","Course: Problem Solving, Course: Adaptability, Course: Teamwork"
INT0404,Information Technology,INFORMATION-TECHNOLOGY,3,6,"troubleshooting, team management, strategic planning, problem solving, leadership","communication, adaptability, teamwork, collaboration, project management","Course: Communication, Course: Adaptability, Course: Teamwork"
INT0405,Information Technology,INFORMATION-TECHNOLOGY,3,5,"it service management (itsm), python, motivation, resource allocation, information technology","communication, problem solving, adaptability, teamwork, collaboration","Course: Communication, Course: Problem Solving, Course: Adaptability"
INT0406,Information Technology,INFORMATION-TECHNOLOGY,4,10,"troubleshooting, adaptability, software troubleshooting, analytical skills, problem solving","communication, collaboration, project management, leadership, customer service","Course: Communication, Course: Collaboration, Course: Project Management"
INT0407,Information Technology,INFORMATION-TECHNOLOGY,3,7,"troubleshooting, decision-making, strategic planning, continuous learning, documentation","communication, problem solving, adaptability, teamwork, collaboration","Course: Communication, Course: Problem Solving, Course: Adaptability"
INT0408,Information Technology,INFORMATION-TECHNOLOGY,4,9,"computer hardware, adaptability, it infrastructure, interpersonal skills, negotiation","communication, problem solving, teamwork, collaboration, project management","Course: Communication, Course: Problem Solving, Course: Teamwork"
INT0409,Information Technology,INFORMATION-TECHNOLOGY,3,6,"project management, application development, strategic planning, problem solving, innovation","communication, adaptability, teamwork, collaboration, leadership","Course: Communication, Course: Adaptability, Course: Teamwork"
INT0410,Information Technology,INFORMATION-TECHNOLOGY,3,8,"communication, customer service, office 365, power bi, o365","adaptability, teamwork, collaboration, project management, leadership","Course: Adaptability, Course: Teamwork, Course: Collaboration"
INT0411,Information Technology,INFORMATION-TECHNOLOGY,3,5,"it strategy development, self-starter, data warehousing, problem solving, it management","communication, adaptability, teamwork, collaboration, project management","Course: Communication, Course: Adaptability, Course: Teamwork"
INT0412,Information Technology,INFORMATION-TECHNOLOGY,3,7,"adaptability, it infrastructure, presentation skills, analytical skills, problem solving","communication, teamwork, collaboration, project management, leadership","Course: Communication, Course: Teamwork, Course: Collaboration"
INT0413,Information Technology,INFORMATION-TECHNOLOGY,4,9,"communication, operating systems, it project management, negotiation, time management","adaptability, teamwork, collaboration, project management, leadership","Course: Adaptability, Course: Teamwork, Course: Collaboration"
INT0414,Information Technology,INFORMATION-TECHNOLOGY,1,8,"communication, technical documentation, analytical skills, financial analysis, linux","problem solving, adaptability, teamwork, collaboration, project management","Course: Problem Solving, Course: Adaptability, Course: Teamwork"
INT0415,Information Technology,INFORMATION-TECHNOLOGY,3,10,"operating systems, salesforce, vendor management, influencing, time management","communication, problem solving, adaptability, teamwork, collaboration","Course: Communication, Course: Problem Solving, Course: Adaptability"
INT0416,Information Technology,INFORMATION-TECHNOLOGY,0,8,"communication, customer service, servicenow, adaptability, technical documentation","teamwork, collaboration, project management, leadership, attention to detail","Course: Teamwork, Course: Collaboration, Course: Project Management"
INT0417,Information Technology,INFORMATION-TECHNOLOGY,4,9,"communication, troubleshooting, project management, adaptability, negotiation","problem solving, collaboration, leadership, customer service, time management","Course: Problem Solving, Course: Collaboration, Course: Leadership"
INT0418,Information Technology,INFORMATION-TECHNOLOGY,3,9,"troubleshooting, customer service, mentoring, adaptability, strategic planning","communication, problem solving, teamwork, project management, leadership","Course: Communication, Course: Problem Solving, Course: Teamwork"
INT0419,Information Technology,INFORMATION-TECHNOLOGY,4,9,"conflict resolution, technical support, team management, analytical skills, regulatory compliance","communication, adaptability, collaboration, project management, leadership","Course: Communication, Course: Adaptability, Course: Collaboration"
INT0420,Information Technology,INFORMATION-TECHNOLOGY,4,8,"decision making, software support, influencing, microsoft office suite, leadership","communication, problem solving, adaptability, teamwork, collaboration","Course: Communication, Course: Problem Solving, Course: Adaptability"
INT0421,Information Technology,INFORMATION-TECHNOLOGY,3,9,"communication, software support, interpersonal skills, risk management, change management","adaptability, teamwork, collaboration, project management, customer service","Course: Adaptability, Course: Teamwork, Course: Collaboration"
INT0422,Information Technology,INFORMATION-TECHNOLOGY,0,6,"adaptability, interpersonal skills, analytical skills, problem solving, self-motivation","communication, teamwork, collaboration, project management, leadership","Course: Communication, Course: Teamwork, Course: Collaboration"
INT0423,Information Technology,INFORMATION-TECHNOLOGY,3,8,"enterprise architecture, project management, network infrastructure, time management, risk management","communication, adaptability, teamwork, collaboration, leadership","Course: Communication, Course: Adaptability, Course: Teamwork"
INT0424,Information Technology,INFORMATION-TECHNOLOGY,4,7,"java, customer service, project management, software troubleshooting, problem solving","communication, adaptability, teamwork, leadership, time management","Course: Communication, Course: Adaptability, Course: Teamwork"
INT0425,Information Technology,INFORMATION-TECHNOLOGY,3,6,"vmware, adaptability, problem solving, group policy, disaster recovery planning","communication, teamwork, project management, leadership, customer service","Course: Communication, Course: Teamwork, Course: Project Management"
INT0426,Information Technology,INFORMATION-TECHNOLOGY,4,5,"communication, active directory, windows server, collaboration, teamwork","problem solving, adaptability, project management, leadership, customer service","Course: Problem Solving, Course: Adaptability, Course: Project Management"
INT0427,Information Technology,INFORMATION-TECHNOLOGY,3,9,"automation tools, mentoring, stakeholder management, adaptability, interpersonal skills","communication, problem solving, collaboration, project management, leadership","Course: Communication, Course: Problem Solving, Course: Collaboration"
INT0428,Information Technology,INFORMATION-TECHNOLOGY,4,5,"adaptability, microsoft office suite, change management, problem solving, hardware troubleshooting","communication, teamwork, collaboration, project management, leadership","Course: Communication, Course: Teamwork, Course: Collaboration"
INT0429,Information Technology,INFORMATION-TECHNOLOGY,3,7,"communication, project management, adaptability, pmp certification, self-starter","problem solving, teamwork, collaboration, leadership, customer service","Course: Problem Solving, Course: Teamwork, Course: Collaboration"
INT0430,Information Technology,INFORMATION-TECHNOLOGY,0,6,"troubleshooting, it strategy development, mentoring, adaptability, javascript","communication, problem solving, teamwork, collaboration, project management","Course: Communication, Course: Problem Solving, Course: Teamwork"
INT0431,Information Technology,INFORMATION-TECHNOLOGY,3,8,"communication, networking, adaptability, team management, team collaboration","teamwork, collaboration, project management, leadership, customer service","Course: Teamwork, Course: Collaboration, Course: Project Management"
INT0432,Information Technology,INFORMATION-TECHNOLOGY,3,5,"networking, team leadership, strategic planning, coaching, budget management","communication, problem solving, adaptability, teamwork, collaboration","Course: Communication, Course: Problem Solving, Course: Adaptability"
INT0433,Information Technology,INFORMATION-TECHNOLOGY,3,7,"adaptability, problem solving, leadership, organizational skills, collaboration","communication, teamwork, project management, customer service, time management","Course: Communication, Course: Teamwork, Course: Project Management"
INT0434,Information Technology,INFORMATION-TECHNOLOGY,3,9,"communication, it service management (itsm), flexibility, it project management, project management","problem solving, adaptability, collaboration, leadership, customer service","Course: Problem Solving, Course: Adaptability, Course: Collaboration"
INT0435,Information Technology,INFORMATION-TECHNOLOGY,4,7,"communication, troubleshooting, budgeting, adaptability, problem solving","collaboration, project management, leadership, customer service, time management","Course: Collaboration, Course: Project Management, Course: Leadership"
INT0436,Information Technology,INFORMATION-TECHNOLOGY,4,8,"communication, conflict resolution, adaptability, time management, documentation","teamwork, project management, leadership, customer service, attention to detail","Course: Teamwork, Course: Project Management, Course: Leadership"
INT0437,Information Technology,INFORMATION-TECHNOLOGY,4,7,"collaboration, problem solving, desktop support, organization, microsoft azure","communication, adaptability, teamwork, project management, leadership","Course: Communication, Course: Adaptability, Course: Teamwork"
INT0438,Information Technology,INFORMATION-TECHNOLOGY,4,8,"independence, itil, microsoft office suite, application development, attention to detail","communication, problem solving, adaptability, teamwork, project management","Course: Communication, Course: Problem Solving, Course: Adaptability"
INT0439,Information Technology,INFORMATION-TECHNOLOGY,4,5,"communication, cybersecurity, mobile device support, adaptability, problem solving","teamwork, collaboration, project management, leadership, customer service","Course: Teamwork, Course: Collaboration, Course: Project Management"
INT0440,Information Technology,INFORMATION-TECHNOLOGY,3,9,"communication, vmware, problem resolution, project management, adaptability","teamwork, leadership, customer service, time management, attention to detail","Course: Teamwork, Course: Leadership, Course: Customer Service"
INT0441,Information Technology,INFORMATION-TECHNOLOGY,4,7,"communication, software support, office 365, technical support, stakeholder management","problem solving, adaptability, collaboration, project management, leadership","Course: Problem Solving, Course: Adaptability, Course: Collaboration"
INT0442,Information Technology,INFORMATION-TECHNOLOGY,3,9,"independence, attention to detail, engagement, time management, problem solving","communication, adaptability, project management, customer service, troubleshooting","Course: Communication, Course: Adaptability, Course: Project Management"
INT0443,Information Technology,INFORMATION-TECHNOLOGY,4,10,"communication, customer service, erp systems, technical support, technical infrastructure management","adaptability, teamwork, collaboration, project management, leadership","Course: Adaptability, Course: Teamwork, Course: Collaboration"
INT0444,Information Technology,INFORMATION-TECHNOLOGY,4,6,"communication, data warehousing, problem solving, leadership, microsoft 365 management","adaptability, teamwork, collaboration, project management, customer service","Course: Adaptability, Course: Teamwork, Course: Collaboration"
INT0445,Information Technology,INFORMATION-TECHNOLOGY,4,5,"communication, networking, enterprise architecture, vendor management, active directory management","problem solving, adaptability, teamwork, collaboration, project management","Course: Problem Solving, Course: Adaptability, Course: Teamwork"
INT0446,Information Technology,INFORMATION-TECHNOLOGY,3,8,"communication, project management, adaptability, influencing skills, time management","problem solving, collaboration, leadership, customer service, attention to detail","Course: Problem Solving, Course: Collaboration, Course: Leadership"
INT0447,Information Technology,INFORMATION-TECHNOLOGY,4,8,"verbal communication, technical support, adaptability, analytical thinking, team leadership","communication, teamwork, collaboration, project management, leadership","Course: Communication, Course: Teamwork, Course: Collaboration"
INT0448,Information Technology,INFORMATION-TECHNOLOGY,3,9,"communication, customer service, negotiation, strategic planning, problem solving","adaptability, teamwork, collaboration, project management, leadership","Course: Adaptability, Course: Teamwork, Course: Collaboration"
INT0449,Information Technology,INFORMATION-TECHNOLOGY,3,8,"independence, it strategy development, ms project, project management, organization","communication, problem solving, adaptability, collaboration, leadership","Course: Communication, Course: Problem Solving, Course: Adaptability"
INT0450,Information Technology,INFORMATION-TECHNOLOGY,3,8,"customer service, project management, time management, documentation, problem solving","communication, adaptability, teamwork, leadership, attention to detail","Course: Communication, Course: Adaptability, Course: Teamwork"
INT0451,Information Technology,INFORMATION-TECHNOLOGY,4,7,"communication, adaptability, analytical thinking, desktop support, critical thinking","problem solving, teamwork, collaboration, project management, leadership","Course: Problem Solving, Course: Teamwork, Course: Collaboration"
INT0452,Information Technology,INFORMATION-TECHNOLOGY,4,7,"communication, technical support, cobit, problem solving, leadership","adaptability, teamwork, collaboration, project management, customer service","Course: Adaptability, Course: Teamwork, Course: Collaboration"
INT0453,Information Technology,INFORMATION-TECHNOLOGY,3,6,"communication, adaptability, agile, problem solving, leadership","teamwork, collaboration, project management, customer service, time management","Course: Teamwork, Course: Collaboration, Course: Project Management"
INT0454,Information Technology,INFORMATION-TECHNOLOGY,4,5,"comptia security+, negotiation, desktop support, organizational skills, teamwork","communication, problem solving, adaptability, collaboration, project management","Course: Communication, Course: Problem Solving, Course: Adaptability"
INT0455,Information Technology,INFORMATION-TECHNOLOGY,3,5,"stakeholder management, leadership, vpn, professionalism, teamwork","communication, problem solving, adaptability, collaboration, project management","Course: Communication, Course: Problem Solving, Course: Adaptability"
INT0456,Information Technology,INFORMATION-TECHNOLOGY,3,7,"verbal communication, project management, adaptability, change management, problem solving","communication, teamwork, collaboration, leadership, customer service","Course: Communication, Course: Teamwork, Course: Collaboration"
INT0457,Information Technology,INFORMATION-TECHNOLOGY,3,9,"communication, training development, team management, azure, team collaboration","adaptability, teamwork, collaboration, project management, leadership","Course: Adaptability, Course: Teamwork, Course: Collaboration"
INT0458,Information Technology,INFORMATION-TECHNOLOGY,3,8,"communication, decision making, adaptability, system administration, problem solving","teamwork, collaboration, project management, leadership, customer service","Course: Teamwork, Course: Collaboration, Course: Project Management"
INT0459,Information Technology,INFORMATION-TECHNOLOGY,0,6,"customer service, presentation skills, mentorship, strategic thinking, time management","communication, problem solving, adaptability, teamwork, collaboration","Course: Communication, Course: Problem Solving, Course: Adaptability"
INT0460,Information Technology,INFORMATION-TECHNOLOGY,4,9,"data management, adaptability, negotiation, windows, leadership","communication, problem solving, collaboration, project management, customer service","Course: Communication, Course: Problem Solving, Course: Collaboration"
INT0461,Information Technology,INFORMATION-TECHNOLOGY,4,6,"communication, network configuration, microsoft office suite, time management, resource allocation","problem solving, adaptability, teamwork, collaboration, project management","Course: Problem Solving, Course: Adaptability, Course: Teamwork"
INT0462,Information Technology,INFORMATION-TECHNOLOGY,3,9,"communication, tcp/ip, troubleshooting, process improvement, analytical thinking","adaptability, teamwork, collaboration, project management, leadership","Course: Adaptability, Course: Teamwork, Course: Collaboration"
INT0463,Information Technology,INFORMATION-TECHNOLOGY,3,7,"it project management, ms office, continuous learning, team collaboration, data analysis","communication, problem solving, adaptability, collaboration, project management","Course: Communication, Course: Problem Solving, Course: Adaptability"
INT0464,Information Technology,INFORMATION-TECHNOLOGY,4,7,"networking, stakeholder management, team management, team leadership, active directory","communication, problem solving, adaptability, teamwork, collaboration","Course: Communication, Course: Problem Solving, Course: Adaptability"
INT0465,Information Technology,INFORMATION-TECHNOLOGY,4,6,"mentoring, microsoft windows, it support, problem solving, leadership","communication, adaptability, collaboration, project management, customer service","Course: Communication, Course: Adaptability, Course: Collaboration"
INT0466,Information Technology,INFORMATION-TECHNOLOGY,3,9,"communication, customer service, adaptability, sql server, project planning","collaboration, project management, leadership, time management, attention to detail","Course: Collaboration, Course: Project Management, Course: Leadership"
INT0467,Information Technology,INFORMATION-TECHNOLOGY,4,6,"communication, vendor management, analytical skills, communication skills, collaboration","problem solving, adaptability, teamwork, project management, leadership","Course: Problem Solving, Course: Adaptability, Course: Teamwork"
INT0468,Information Technology,INFORMATION-TECHNOLOGY,3,7,"project management, agile, analytical skills, problem solving, disaster recovery planning","communication, adaptability, teamwork, collaboration, leadership","Course: Communication, Course: Adaptability, Course: Teamwork"
INT0469,Information Technology,INFORMATION-TECHNOLOGY,4,5,"integrity, troubleshooting, cybersecurity, self-starter, presentation skills","communication, problem solving, adaptability, teamwork, collaboration","Course: Communication, Course: Problem Solving, Course: Adaptability"
INT0470,Information Technology,INFORMATION-TECHNOLOGY,3,6,"communication, vendor management, team management, incident management, problem solving","adaptability, teamwork, collaboration, project management, leadership","Course: Adaptability, Course: Teamwork, Course: Collaboration"
INT0471,Information Technology,INFORMATION-TECHNOLOGY,4,7,"communication, it audit, vendor management, adaptability, problem solving","teamwork, collaboration, project management, leadership, customer service","Course: Teamwork, Course: Collaboration, Course: Project Management"
INT0472,Information Technology,INFORMATION-TECHNOLOGY,4,9,"customer service, technical support, comptia security+, team collaboration, teamwork","communication, adaptability, collaboration, project management, leadership","Course: Communication, Course: Adaptability, Course: Collaboration"
INT0473,Information Technology,INFORMATION-TECHNOLOGY,3,9,"risk assessment, it management, interpersonal skills, documentation, problem solving","communication, adaptability, project management, leadership, customer service","Course: Communication, Course: Adaptability, Course: Project Management"
INT0474,Information Technology,INFORMATION-TECHNOLOGY,4,6,"troubleshooting, project management, technical support, adaptability, risk management","communication, problem solving, teamwork, collaboration, leadership","Course: Communication, Course: Problem Solving, Course: Teamwork"
INT0475,Information Technology,INFORMATION-TECHNOLOGY,3,5,"project management, self-starter, attention to detail, problem solving, software development","communication, adaptability, teamwork, collaboration, leadership","Course: Communication, Course: Adaptability, Course: Teamwork"
INT0476,Information Technology,INFORMATION-TECHNOLOGY,3,8,"communication, troubleshooting, programming, negotiation, time management","problem solving, adaptability, teamwork, project management, leadership","Course: Problem Solving, Course: Adaptability, Course: Teamwork"
INT0477,Information Technology,INFORMATION-TECHNOLOGY,3,9,"customer service, python, data governance, team management, dns","communication, adaptability, teamwork, project management, leadership","Course: Communication, Course: Adaptability, Course: Teamwork"
INT0478,Information Technology,INFORMATION-TECHNOLOGY,4,10,"communication, flexibility, computer hardware, attention to detail, continuous learning","problem solving, adaptability, teamwork, project management, customer service","Course: Problem Solving, Course: Adaptability, Course: Teamwork"
INT0479,Information Technology,INFORMATION-TECHNOLOGY,3,9,"independence, vendor management, analytical thinking, leadership, microsoft 365","communication, problem solving, adaptability, project management, customer service","Course: Communication, Course: Problem Solving, Course: Adaptability"
INT0480,Information Technology,INFORMATION-TECHNOLOGY,4,8,"communication, customer service, technical support, attention to detail, active directory","adaptability, teamwork, collaboration, project management, leadership","Course: Adaptability, Course: Teamwork, Course: Collaboration"
INT0481,Sales,SALES,0,5,"customer service, visual merchandising, lead generation, adaptability, marketing","communication, problem solving, teamwork, sales, time management","Course: Communication, Course: Problem Solving, Course: Teamwork"
INT0482,Sales,SALES,0,9,"microsoft office 365, customer service, merchandising, adaptability, time management","communication, teamwork, sales, customer relationship management, product knowledge","Course: Communication, Course: Teamwork, Course: Sales"
INT0483,Sales,SALES,0,5,"market analysis, customer service, flexibility, customer service orientation, computer skills","communication, problem solving, teamwork, adaptability, sales","Course: Communication, Course: Problem Solving, Course: Teamwork"
INT0484,Sales,SALES,0,6,"communication, presentation skills, css, results-oriented mindset, product knowledge","problem solving, adaptability, customer service, sales, time management","Course: Problem Solving, Course: Adaptability, Course: Customer Service"
INT0485,Sales,SALES,3,9,"communication, safety compliance, collaboration, team management, lifting (up to 50 pounds)","problem solving, adaptability, customer service, sales, time management","Course: Problem Solving, Course: Adaptability, Course: Customer Service"
INT0486,Sales,SALES,0,7,"visual merchandising, customer relationship management, presentation skills, problem solving, leadership","communication, teamwork, adaptability, customer service, time management","Course: Communication, Course: Teamwork, Course: Adaptability"
INT0487,Sales,SALES,0,10,"communication, judgment, flexibility, adaptability, self-starter","teamwork, customer service, sales, time management, customer relationship management","Course: Teamwork, Course: Customer Service, Course: Sales"
INT0488,Sales,SALES,0,8,"customer service, adaptability, teamwork, consultative sales, self-motivation","communication, problem solving, sales, time management, relationship building","Course: Communication, Course: Problem Solving, Course: Sales"
INT0489,Sales,SALES,0,10,"communication, market analysis, safety compliance, self-motivated, interpersonal skills","teamwork, adaptability, customer service, sales, time management","Course: Teamwork, Course: Adaptability, Course: Customer Service"
INT0490,Sales,SALES,0,7,"communication, adaptability, documentation, leadership, self-motivation","problem solving, teamwork, customer service, time management, relationship building","Course: Problem Solving, Course: Teamwork, Course: Customer Service"
INT0491,Sales,SALES,0,5,"communication, integrity, self-discipline, accountability, multi-tasking","problem solving, teamwork, adaptability, customer service, sales","Course: Problem Solving, Course: Teamwork, Course: Adaptability"
INT0492,Sales,SALES,0,6,"respectfulness, negotiation, coaching, presentation, teamwork","communication, problem solving, adaptability, customer service, sales","Course: Communication, Course: Problem Solving, Course: Adaptability"
INT0493,Sales,SALES,0,7,"consultative selling, inventory management, time management, problem solving, data analysis","communication, adaptability, customer service, sales, relationship building","Course: Communication, Course: Adaptability, Course: Customer Service"
INT0494,Sales,SALES,0,7,"microsoft office 365, healthcare knowledge, results oriented, coaching, microsoft office","communication, problem solving, teamwork, adaptability, customer service","Course: Communication, Course: Problem Solving, Course: Teamwork"
INT0495,Sales,SALES,3,6,"communication, inventory management, microsoft office suite, analytical skills, problem solving","adaptability, customer service, sales, time management, relationship building","Course: Adaptability, Course: Customer Service, Course: Sales"
INT0496,Sales,SALES,0,6,"adaptability, team collaboration, problem solving, sales presentations, leadership","communication, customer service, sales, time management, relationship building","Course: Communication, Course: Customer Service, Course: Sales"
INT0497,Sales,SALES,0,7,"adaptability, attention to detail, time management, organizational skills, self-motivation","communication, problem solving, teamwork, customer service, relationship building","Course: Communication, Course: Problem Solving, Course: Teamwork"
INT0498,Sales,SALES,0,8,"customer service, basic computer skills, time management, business development, problem solving","communication, teamwork, adaptability, relationship building, customer relationship management","Course: Communication, Course: Teamwork, Course: Adaptability"
INT0499,Sales,SALES,0,10,"communication, safety compliance, self-motivated, interpersonal skills, product knowledge","problem solving, teamwork, adaptability, customer service, time management","Course: Problem Solving, Course: Teamwork, Course: Adaptability"
INT0500,Sales,SALES,0,9,"project management, goal-oriented, outbound calling, territory management, pos systems","communication, problem solving, teamwork, adaptability, customer service","Course: Communication, Course: Problem Solving, Course: Teamwork"
INT0501,Sales,SALES,0,7,"communication, customer service, goal-oriented, interpersonal skills, inventory management","problem solving, teamwork, adaptability, sales, time management","Course: Problem Solving, Course: Teamwork, Course: Adaptability"
INT0502,Sales,SALES,0,6,"adaptability, analytical thinking, problem solving, cold calling, microsoft office","communication, teamwork, customer service, sales, time management","Course: Communication, Course: Teamwork, Course: Customer Service"
INT0503,Sales,SALES,0,7,"crm software, cash handling, listening, product knowledge, teamwork","communication, problem solving, adaptability, customer service, sales","Course: Communication, Course: Problem Solving, Course: Adaptability"
INT0504,Sales,SALES,0,7,"communication, enthusiasm, negotiation, business development, consultative sales","problem solving, teamwork, adaptability, customer service, sales","Course: Problem Solving, Course: Teamwork, Course: Adaptability"
INT0505,Sales,SALES,0,8,"lifting (up to 50 pounds), willingness to learn, positive attitude, organization, product knowledge","communication, problem solving, adaptability, customer service, sales","Course: Communication, Course: Problem Solving, Course: Adaptability"
INT0506,Sales,SALES,0,6,"team management, teamwork, problem solving, organizational skills, market research","communication, adaptability, customer service, sales, time management","Course: Communication, Course: Adaptability, Course: Customer Service"
INT0507,Sales,SALES,0,6,"integrity, independence, adaptability, problem solving, product knowledge","communication, customer service, sales, time management, relationship building","Course: Communication, Course: Customer Service, Course: Sales"
INT0508,Sales,SALES,0,5,"communication, inventory management, consultative sales, retail experience, reporting","problem solving, teamwork, adaptability, customer service, sales","Course: Problem Solving, Course: Teamwork, Course: Adaptability"
INT0509,Sales,SALES,0,8,"communication, professional demeanor, adaptability, crm systems, team collaboration","problem solving, teamwork, customer service, sales, time management","Course: Problem Solving, Course: Teamwork, Course: Customer Service"
INT0510,Sales,SALES,0,6,"communication, reliability, business development, retail experience, teamwork","problem solving, adaptability, customer service, sales, time management","Course: Problem Solving, Course: Adaptability, Course: Customer Service"
INT0511,Sales,SALES,0,5,"communication, customer service, flexibility, pos systems, problem solving","teamwork, adaptability, sales, time management, relationship building","Course: Teamwork, Course: Adaptability, Course: Sales"
INT0512,Sales,SALES,0,9,"communication, adaptability, negotiation, strategic thinking, problem solving","teamwork, customer service, sales, time management, relationship building","Course: Teamwork, Course: Customer Service, Course: Sales"
INT0513,Sales,SALES,0,5,"relationship building, adaptability, professionalism, teamwork, judgment","communication, problem solving, customer service, sales, time management","Course: Communication, Course: Problem Solving, Course: Customer Service"
INT0514,Sales,SALES,0,5,"crm software, decision making, negotiation, organizational skills, relationship building","communication, problem solving, teamwork, adaptability, customer service","Course: Communication, Course: Problem Solving, Course: Teamwork"
INT0515,Sales,SALES,2,6,"customer service, safety compliance, interpersonal skills, ms office, presentation skills","communication, problem solving, teamwork, adaptability, sales","Course: Communication, Course: Problem Solving, Course: Teamwork"
INT0516,Sales,SALES,0,9,"communication, decision making, integrity, pos systems, motivation","adaptability, customer service, time management, relationship building, customer relationship management","Course: Adaptability, Course: Customer Service, Course: Time Management"
INT0517,Sales,SALES,0,8,"communication, customer service, team player, merchandising, customer relationship management","teamwork, sales, time management, relationship building, product knowledge","Course: Teamwork, Course: Sales, Course: Time Management"
INT0518,Sales,SALES,0,9,"retail sales, customer service, visual merchandising, independence, customer relationship management","communication, adaptability, sales, time management, relationship building","Course: Communication, Course: Adaptability, Course: Sales"
INT0519,Sales,SALES,0,8,"integrity, problem-solving, market research, customer relationship management, inventory management","communication, problem solving, teamwork, adaptability, customer service","Course: Communication, Course: Problem Solving, Course: Teamwork"
INT0520,Sales,SALES,0,5,"market analysis, crm software, adaptability, inventory management, engagement","communication, problem solving, teamwork, customer service, sales","Course: Communication, Course: Problem Solving, Course: Teamwork"
INT0521,Sales,SALES,0,9,"communication, customer relationship management, inventory management, microsoft office suite, problem solving","adaptability, customer service, sales, time management, relationship building","Course: Adaptability, Course: Customer Service, Course: Sales"
INT0522,Sales,SALES,0,6,"communication, crm, multitasking, b2b sales, collaboration","problem solving, teamwork, adaptability, customer service, sales","Course: Problem Solving, Course: Teamwork, Course: Adaptability"
INT0523,Sales,SALES,0,8,"communication, adaptability, goal-oriented, problem solving, positive attitude","teamwork, customer service, sales, time management, customer relationship management","Course: Teamwork, Course: Customer Service, Course: Sales"
INT0524,Sales,SALES,0,8,"parts lookup systems, problem-solving, adaptability, customer relationship management, goal-oriented","communication, problem solving, customer service, time management, relationship building","Course: Communication, Course: Problem Solving, Course: Customer Service"
INT0525,Sales,SALES,0,5,"crm software, flexibility, team collaboration, listening, teamwork","communication, problem solving, adaptability, customer service, sales","Course: Communication, Course: Problem Solving, Course: Adaptability"
INT0526,Sales,SALES,0,9,"communication, independence, adaptability, customer relationship management, ms office","problem solving, customer service, sales, time management, relationship building","Course: Problem Solving, Course: Customer Service, Course: Sales"
INT0527,Sales,SALES,0,7,"flexibility, adaptability, problem solving, sales presentations, microsoft office","communication, teamwork, customer service, sales, time management","Course: Communication, Course: Teamwork, Course: Customer Service"
INT0528,Sales,SALES,0,5,"communication, presentation skills, problem solving, self-motivation, relationship building","teamwork, adaptability, customer service, sales, time management","Course: Teamwork, Course: Adaptability, Course: Customer Service"
INT0529,Sales,SALES,0,6,"adaptability, problem solving, organizational skills, results-oriented, customer focus","communication, teamwork, customer service, sales, time management","Course: Communication, Course: Teamwork, Course: Customer Service"
INT0530,Sales,SALES,0,5,"communication, customer service, flexibility, sales, teamwork","problem solving, adaptability, time management, relationship building, customer relationship management","Course: Problem Solving, Course: Adaptability, Course: Time Management"
INT0531,Sales,SALES,0,9,"customer relationship management, motivation, data analytics, problem solving, self-motivation","communication, teamwork, adaptability, customer service, sales","Course: Communication, Course: Teamwork, Course: Adaptability"
INT0532,Sales,SALES,0,9,"technology adaptation, sales management, self-starter, analytical thinking, time management","communication, problem solving, adaptability, customer service, relationship building","Course: Communication, Course: Problem Solving, Course: Adaptability"
INT0533,Sales,SALES,0,9,"communication, contract negotiation, customer relationship management, interpersonal skills, problem solving","teamwork, adaptability, customer service, time management, relationship building","Course: Teamwork, Course: Adaptability, Course: Customer Service"
INT0534,Sales,SALES,0,7,"independence, problem-solving, work ethic, problem solving, teamwork","communication, adaptability, customer service, sales, time management","Course: Communication, Course: Adaptability, Course: Customer Service"
INT0535,Sales,SALES,0,7,"communication, adaptability, territory management, time management, problem solving","teamwork, customer service, relationship building, customer relationship management, product knowledge","Course: Teamwork, Course: Customer Service, Course: Relationship Building"
INT0536,Sales,SALES,0,8,"flexibility, reliability, sales management, customer relationship management, problem solving","communication, teamwork, adaptability, customer service, sales","Course: Communication, Course: Teamwork, Course: Adaptability"
INT0537,Sales,SALES,0,9,"communication, customer experience enhancement, merchandising, self-starter, sales metrics analysis","adaptability, customer service, sales, time management, relationship building","Course: Adaptability, Course: Customer Service, Course: Sales"
INT0538,Sales,SALES,0,7,"communication, customer focus, team leadership, time management, collaboration","problem solving, adaptability, customer service, sales, relationship building","Course: Problem Solving, Course: Adaptability, Course: Customer Service"
INT0539,Sales,SALES,0,8,"contract negotiation, flexibility, adaptability, goal-oriented, presentation skills","communication, teamwork, customer service, sales, time management","Course: Communication, Course: Teamwork, Course: Customer Service"
INT0540,Sales,SALES,0,7,"communication, salesforce, ms office, persuasion, pos systems","problem solving, teamwork, adaptability, customer service, sales","Course: Problem Solving, Course: Teamwork, Course: Adaptability"
INT0541,Sales,SALES,0,5,"time management, team collaboration, multitasking, b2b sales, self-motivation","communication, problem solving, teamwork, adaptability, customer service","Course: Communication, Course: Problem Solving, Course: Teamwork"
INT0542,Sales,SALES,0,9,"market analysis, customer service, visual merchandising, microsoft office suite, problem solving","communication, teamwork, adaptability, time management, relationship building","Course: Communication, Course: Teamwork, Course: Adaptability"
INT0543,Sales,SALES,0,7,"communication, sales performance, customer focus, business development, coaching","problem solving, adaptability, customer service, sales, time management","Course: Problem Solving, Course: Adaptability, Course: Customer Service"
INT0544,Sales,SALES,0,7,"communication, customer service, presentation skills, time management, strategic thinking","problem solving, teamwork, adaptability, sales, relationship building","Course: Problem Solving, Course: Teamwork, Course: Adaptability"
INT0545,Sales,SALES,0,5,"communication, safety compliance, sales management, adaptability, organizational skills","problem solving, teamwork, customer service, sales, time management","Course: Problem Solving, Course: Teamwork, Course: Customer Service"
INT0546,Sales,SALES,3,5,"project management, technical skills, sales, teamwork, powerpoint","communication, problem solving, adaptability, customer service, time management","Course: Communication, Course: Problem Solving, Course: Adaptability"
INT0547,Sales,SALES,0,8,"communication, problem-solving, negotiation, motivation, leadership","problem solving, teamwork, adaptability, customer service, time management","Course: Problem Solving, Course: Teamwork, Course: Adaptability"
INT0548,Sales,SALES,0,5,"communication, battery installation, inventory management, basic math skills, product knowledge","problem solving, teamwork, adaptability, customer service, sales","Course: Problem Solving, Course: Teamwork, Course: Adaptability"
INT0549,Sales,SALES,0,7,"communication, customer service, problem-solving, respectfulness, adaptability","problem solving, teamwork, sales, time management, relationship building","Course: Problem Solving, Course: Teamwork, Course: Sales"
INT0550,Sales,SALES,0,5,"adaptability, motivation, coaching, organizational skills, customer engagement","communication, problem solving, teamwork, customer service, sales","Course: Communication, Course: Problem Solving, Course: Teamwork"
INT0551,Sales,SALES,0,7,"communication, adaptability, interpersonal skills, presentation skills, account management","problem solving, customer service, time management, relationship building, customer relationship management","Course: Problem Solving, Course: Customer Service, Course: Time Management"
INT0552,Sales,SALES,0,9,"customer focus, problem-solving, adaptability, territory management, marketing","communication, customer service, time management, relationship building, customer relationship management","Course: Communication, Course: Customer Service, Course: Time Management"
INT0553,Sales,SALES,1,5,"budgeting, reliability, team collaboration, collaboration, computer skills","communication, problem solving, teamwork, adaptability, customer service","Course: Communication, Course: Problem Solving, Course: Teamwork"
INT0554,Sales,SALES,3,6,"communication, crm software, microsoft office suite, problem solving, organizational skills","teamwork, adaptability, customer service, sales, time management","Course: Teamwork, Course: Adaptability, Course: Customer Service"
INT0555,Sales,SALES,0,5,"customer service, adaptability, problem solving, leadership, collaboration","communication, teamwork, sales, time management, relationship building","Course: Communication, Course: Teamwork, Course: Sales"
INT0556,Sales,SALES,0,7,"customer service, problem-solving, lead generation, adaptability, relationship building","communication, problem solving, teamwork, sales, time management","Course: Communication, Course: Problem Solving, Course: Teamwork"
INT0557,Sales,SALES,0,9,"adaptability, negotiation, relationship management, strategic planning, sales metrics analysis","communication, problem solving, teamwork, customer service, sales","Course: Communication, Course: Problem Solving, Course: Teamwork"
INT0558,Sales,SALES,0,8,"customer service, project management, customer relationship management, sales strategies, problem solving","communication, teamwork, adaptability, sales, time management","Course: Communication, Course: Teamwork, Course: Adaptability"
INT0559,Sales,SALES,0,8,"communication, crm software, customer service, interpersonal skills, presentation skills","problem solving, teamwork, adaptability, sales, time management","Course: Problem Solving, Course: Teamwork, Course: Adaptability"
INT0560,Sales,SALES,0,10,"team selling, independence, negotiation, work ethic, business development","communication, adaptability, customer service, sales, time management","Course: Communication, Course: Adaptability, Course: Customer Service"
INT0561,Sales,SALES,0,10,"communication, independence, flexibility, adaptability, documentation","teamwork, customer service, sales, time management, relationship building","Course: Teamwork, Course: Customer Service, Course: Sales"
INT0562,Sales,SALES,0,5,"communication, customer service, adaptability, interpersonal skills, documentation","problem solving, teamwork, sales, time management, relationship building","Course: Problem Solving, Course: Teamwork, Course: Sales"
INT0563,Sales,SALES,3,8,"communication, customer service, decision making, inventory management, team leadership","adaptability, sales, time management, relationship building, customer relationship management","Course: Adaptability, Course: Sales, Course: Time Management"
INT0564,Sales,SALES,0,5,"communication, sales management, organizational skills, market research, teamwork","problem solving, adaptability, customer service, sales, time management","Course: Problem Solving, Course: Adaptability, Course: Customer Service"
INT0565,Sales,SALES,0,5,"enthusiasm, financial analysis, sales strategy, teamwork, sales techniques","communication, problem solving, adaptability, customer service, sales","Course: Communication, Course: Problem Solving, Course: Adaptability"
INT0566,Sales,SALES,0,8,"communication, customer service, technology adaptation, customer relationship management, training and development","problem solving, teamwork, adaptability, time management, relationship building","Course: Problem Solving, Course: Teamwork, Course: Adaptability"
INT0567,Sales,SALES,0,8,"customer service, accountability, pipeline management, influence, organizational skills","communication, problem solving, teamwork, adaptability, time management","Course: Communication, Course: Problem Solving, Course: Teamwork"
INT0568,Sales,SALES,0,9,"merchandising, adaptability, customer relationship management, microsoft office suite, persuasion","communication, teamwork, customer service, sales, time management","Course: Communication, Course: Teamwork, Course: Customer Service"
INT0569,Sales,SALES,0,7,"enthusiasm, project management, negotiation, motivation, problem solving","communication, adaptability, customer service, sales, time management","Course: Communication, Course: Adaptability, Course: Customer Service"
INT0570,Sales,SALES,0,8,"communication, customer service, technology adaptation, sales leadership, growth mindset","problem solving, teamwork, adaptability, sales, time management","Course: Problem Solving, Course: Teamwork, Course: Adaptability"
INT0571,Sales,SALES,0,7,"communication, customer focus, flexibility, persistence, product knowledge","problem solving, adaptability, customer service, sales, time management","Course: Problem Solving, Course: Adaptability, Course: Customer Service"
INT0572,Sales,SALES,0,8,"communication, contract negotiation, marketing, basic computer skills, business development","problem solving, adaptability, customer service, time management, relationship building","Course: Problem Solving, Course: Adaptability, Course: Customer Service"
INT0573,Sales,SALES,3,5,"parts lookup systems, negotiation, engagement, pos systems, team collaboration","communication, problem solving, teamwork, adaptability, customer service","Course: Communication, Course: Problem Solving, Course: Teamwork"
INT0574,Sales,SALES,0,5,"customer service, problem-solving, time management, customer focus, technology proficiency","communication, problem solving, teamwork, adaptability, sales","Course: Communication, Course: Problem Solving, Course: Teamwork"
INT0575,Sales,SALES,0,5,"sales performance, growth mindset, engagement, organizational skills, teamwork","communication, problem solving, adaptability, customer service, sales","Course: Communication, Course: Problem Solving, Course: Adaptability"
INT0576,Sales,SALES,0,5,"customer service, merchandising, customer relationship management, teamwork, judgment","communication, problem solving, adaptability, sales, time management","Course: Communication, Course: Problem Solving, Course: Adaptability"
INT0577,Sales,SALES,0,7,"communication, cash handling, ms office, pos systems, problem solving","adaptability, customer service, time management, relationship building, customer relationship management","Course: Adaptability, Course: Customer Service, Course: Time Management"
INT0578,Sales,SALES,0,8,"growth mindset, adaptability, territory management, time management, sales","communication, problem solving, customer service, relationship building, customer relationship management","Course: Communication, Course: Problem Solving, Course: Customer Service"
INT0579,Sales,SALES,0,9,"communication, integrity, customer service orientation, attention to detail, time management","adaptability, customer service, sales, relationship building, customer relationship management","Course: Adaptability, Course: Customer Service, Course: Sales"
INT0580,Sales,SALES,3,9,"adaptability, inventory management, time management, problem solving, client relationship management","communication, teamwork, customer service, sales, relationship building","Course: Communication, Course: Teamwork, Course: Customer Service"
INT0581,Sales,SALES,0,5,"communication, interpersonal skills, problem solving, positive attitude, competitive","teamwork, adaptability, customer service, sales, time management","Course: Teamwork, Course: Adaptability, Course: Customer Service"
INT0582,Sales,SALES,0,5,"communication, inventory management, problem solving, teamwork, relationship building","adaptability, customer service, sales, time management, customer relationship management","Course: Adaptability, Course: Customer Service, Course: Sales"
INT0583,Sales,SALES,0,7,"customer service, results oriented, time management, leadership, product knowledge","communication, problem solving, adaptability, sales, relationship building","Course: Communication, Course: Problem Solving, Course: Adaptability"
INT0584,Sales,SALES,0,5,"communication, salesforce, lead generation, pos systems, problem solving","teamwork, adaptability, customer service, sales, time management","Course: Teamwork, Course: Adaptability, Course: Customer Service"
INT0585,Sales,SALES,0,6,"sales performance, analytical skills, motivation, problem solving, professionalism","communication, adaptability, customer service, sales, time management","Course: Communication, Course: Adaptability, Course: Customer Service"
INT0586,Sales,SALES,0,6,"customer service, adaptability, self-starter, time management, collaboration","communication, problem solving, sales, relationship building, customer relationship management","Course: Communication, Course: Problem Solving, Course: Sales"
INT0587,Sales,SALES,0,9,"customer service, time management, problem solving, basic math skills, b2b sales","communication, teamwork, adaptability, customer relationship management, product knowledge","Course: Communication, Course: Teamwork, Course: Adaptability"
INT0588,Sales,SALES,3,5,"project management, interpersonal skills, leadership, data analysis, customer engagement","communication, problem solving, teamwork, adaptability, customer service","Course: Communication, Course: Problem Solving, Course: Teamwork"
INT0589,Sales,SALES,0,7,"communication, customer service, project management, attention to detail, results oriented","problem solving, teamwork, adaptability, sales, time management","Course: Problem Solving, Course: Teamwork, Course: Adaptability"
INT0590,Sales,SALES,3,8,"communication, project management, merchandising, adaptability, lifting (up to 50 pounds)","problem solving, customer service, sales, relationship building, customer relationship management","Course: Problem Solving, Course: Customer Service, Course: Sales"
INT0591,Sales,SALES,0,8,"salesforce, flexibility, self-starter, problem solving, organizational skills","communication, adaptability, customer service, sales, time management","Course: Communication, Course: Adaptability, Course: Customer Service"
INT0592,Sales,SALES,0,6,"communication, customer service, integrity, multitasking, relationship building","problem solving, teamwork, adaptability, sales, time management","Course: Problem Solving, Course: Teamwork, Course: Adaptability"
INT0593,Sales,SALES,0,7,"customer relationship management, marketing, presentation skills, pos systems, problem solving","communication, teamwork, adaptability, customer service, sales","Course: Communication, Course: Teamwork, Course: Adaptability"
INT0594,Sales,SALES,0,8,"communication, merchandising, self-starter, business development, multitasking","problem solving, teamwork, adaptability, customer service, sales","Course: Problem Solving, Course: Teamwork, Course: Adaptability"
INT0595,Sales,SALES,0,6,"inventory management, sales strategy development, business development, multitasking, leadership","communication, problem solving, teamwork, adaptability, customer service","Course: Communication, Course: Problem Solving, Course: Teamwork"
INT0596,Sales,SALES,0,6,"communication, customer service, attention to detail, presentation, positive attitude","problem solving, teamwork, adaptability, sales, time management","Course: Problem Solving, Course: Teamwork, Course: Adaptability"
INT0597,Sales,SALES,0,10,"outside sales, flexibility, erp systems, problem solving, consultative sales","communication, teamwork, adaptability, customer service, sales","Course: Communication, Course: Teamwork, Course: Adaptability"
INT0598,Sales,SALES,0,5,"communication, customer service, problem solving, customer relationship building, teamwork","adaptability, sales, time management, relationship building, customer relationship management","Course: Adaptability, Course: Sales, Course: Time Management"
INT0599,Sales,SALES,0,6,"integrity, adaptability, goal-oriented, consultative selling, inventory management","communication, problem solving, teamwork, customer service, sales","Course: Communication, Course: Problem Solving, Course: Teamwork"
INT0600,Sales,SALES,0,6,"communication, customer service, interpersonal communication, strategic planning, problem solving","teamwork, adaptability, sales, time management, relationship building","Course: Teamwork, Course: Adaptability, Course: Sales"
